exp_log_id,documentid,querysessionstatus,rank,time_stamp,type,participant_participant_id,query_id,querysession_session_id,username,task_id
223,,0,0,2017-03-15 20:00:11.957,QUERY_SUBMISSION,101,108,104,andrea,TRVL-BT
224,clueweb12-0109wb-48-23382,0,1,2017-03-15 20:00:23.829,OPEN_DOCUMENT,101,108,104,andrea,TRVL-BT
225,clueweb12-0109wb-48-23382,0,,2017-03-15 20:02:04.646,BOOKMARK,101,108,104,andrea,TRVL-BT
226,clueweb12-0109wb-48-23382,0,1,2017-03-15 20:02:05.465,CLOSE_DOCUMENT,101,108,104,andrea,TRVL-BT
228,clueweb12-0104wb-23-04808,0,2,2017-03-15 20:02:09.83,OPEN_DOCUMENT,101,108,104,andrea,TRVL-BT
229,clueweb12-0104wb-23-04808,0,2,2017-03-15 20:04:05.182,CLOSE_DOCUMENT,101,108,104,andrea,TRVL-BT
231,clueweb12-0110wb-02-02143,0,5,2017-03-15 20:04:09.947,OPEN_DOCUMENT,101,108,104,andrea,TRVL-BT
232,clueweb12-0110wb-02-02143,0,5,2017-03-15 20:04:21.458,CLOSE_DOCUMENT,101,108,104,andrea,TRVL-BT
234,clueweb12-0109wb-97-22455,0,3,2017-03-15 20:04:56.697,OPEN_DOCUMENT,101,108,104,andrea,TRVL-BT
235,clueweb12-0109wb-97-22455,0,3,2017-03-15 20:04:59.303,CLOSE_DOCUMENT,101,108,104,andrea,TRVL-BT
238,clueweb12-0109wb-31-15155,0,10,2017-03-15 20:05:08.859,OPEN_DOCUMENT,101,108,104,andrea,TRVL-BT
239,clueweb12-0109wb-31-15155,0,10,2017-03-15 20:05:13.337,CLOSE_DOCUMENT,101,108,104,andrea,TRVL-BT
242,clueweb12-0109wb-97-22455,0,3,2017-03-15 20:05:24.723,OPEN_DOCUMENT,101,108,104,andrea,TRVL-BT
243,clueweb12-0109wb-97-22455,0,3,2017-03-15 20:05:27.761,CLOSE_DOCUMENT,101,108,104,andrea,TRVL-BT
245,clueweb12-0109wb-48-23382,0,1,2017-03-15 20:05:29.961,OPEN_DOCUMENT,101,108,104,andrea,TRVL-BT
246,clueweb12-0109wb-48-23382,0,1,2017-03-15 20:05:31.46,CLOSE_DOCUMENT,101,108,104,andrea,TRVL-BT
248,clueweb12-0109wb-58-19639,0,0,2017-03-15 20:05:34.062,OPEN_DOCUMENT,101,108,104,andrea,TRVL-BT
249,clueweb12-0109wb-58-19639,0,0,2017-03-15 20:05:53.008,CLOSE_DOCUMENT,101,108,104,andrea,TRVL-BT
251,clueweb12-0109wb-58-19639,0,0,2017-03-15 20:05:56.064,OPEN_DOCUMENT,101,108,104,andrea,TRVL-BT
252,clueweb12-0109wb-58-19639,0,,2017-03-15 20:05:57.871,BOOKMARK,101,108,104,andrea,TRVL-BT
255,,0,0,2017-03-15 20:06:53.607,QUERY_SUBMISSION,101,109,104,andrea,TRVL-BT
256,clueweb12-0111wb-69-31859,0,0,2017-03-15 20:06:59.706,OPEN_DOCUMENT,101,109,104,andrea,TRVL-BT
257,clueweb12-0111wb-69-31859,0,0,2017-03-15 20:07:48.517,CLOSE_DOCUMENT,101,109,104,andrea,TRVL-BT
259,clueweb12-0013wb-30-13331,0,1,2017-03-15 20:07:55.658,OPEN_DOCUMENT,101,109,104,andrea,TRVL-BT
260,clueweb12-0013wb-30-13331,0,,2017-03-15 20:08:10.469,BOOKMARK,101,109,104,andrea,TRVL-BT
261,clueweb12-0013wb-30-13331,0,1,2017-03-15 20:08:12.345,CLOSE_DOCUMENT,101,109,104,andrea,TRVL-BT
263,,0,0,2017-03-15 20:11:05.583,QUERY_SUBMISSION,101,110,104,andrea,TRVL-BT
264,clueweb12-0007wb-51-16427,0,0,2017-03-15 20:11:20.17,OPEN_DOCUMENT,101,110,104,andrea,TRVL-BT
265,clueweb12-0007wb-51-16427,0,0,2017-03-15 20:11:38.183,CLOSE_DOCUMENT,101,110,104,andrea,TRVL-BT
267,clueweb12-0100wb-73-20097,0,2,2017-03-15 20:11:42.334,OPEN_DOCUMENT,101,110,104,andrea,TRVL-BT
268,clueweb12-0100wb-73-20097,0,2,2017-03-15 20:11:48.733,CLOSE_DOCUMENT,101,110,104,andrea,TRVL-BT
270,clueweb12-0011wb-01-24931,0,4,2017-03-15 20:12:06.018,OPEN_DOCUMENT,101,110,104,andrea,TRVL-BT
271,clueweb12-0011wb-01-24931,0,4,2017-03-15 20:12:09.011,CLOSE_DOCUMENT,101,110,104,andrea,TRVL-BT
273,clueweb12-0107wb-33-23679,0,9,2017-03-15 20:12:12.802,OPEN_DOCUMENT,101,110,104,andrea,TRVL-BT
276,,0,0,2017-03-15 20:12:51.526,QUERY_SUBMISSION,101,111,104,andrea,TRVL-BT
277,clueweb12-0103wb-93-30134,0,0,2017-03-15 20:12:53.954,OPEN_DOCUMENT,101,111,104,andrea,TRVL-BT
278,clueweb12-0103wb-93-30134,0,,2017-03-15 20:12:57.505,BOOKMARK,101,111,104,andrea,TRVL-BT
279,clueweb12-0103wb-93-30134,0,0,2017-03-15 20:12:58.54,CLOSE_DOCUMENT,101,111,104,andrea,TRVL-BT
281,clueweb12-0104wb-90-28258,0,1,2017-03-15 20:13:05.055,OPEN_DOCUMENT,101,111,104,andrea,TRVL-BT
282,clueweb12-0104wb-90-28258,0,1,2017-03-15 20:14:43.044,CLOSE_DOCUMENT,101,111,104,andrea,TRVL-BT
284,clueweb12-0105wb-68-03335,0,3,2017-03-15 20:14:48.733,OPEN_DOCUMENT,101,111,104,andrea,TRVL-BT
285,clueweb12-0105wb-68-03335,0,3,2017-03-15 20:15:04.437,CLOSE_DOCUMENT,101,111,104,andrea,TRVL-BT
287,,0,0,2017-03-15 20:16:45.228,QUERY_SUBMISSION,101,112,104,andrea,TRVL-BT
288,clueweb12-0109wb-81-13361,0,4,2017-03-15 20:16:57.887,OPEN_DOCUMENT,101,112,104,andrea,TRVL-BT
289,clueweb12-0002wb-07-19855,0,0,2017-03-15 20:17:19.015,OPEN_DOCUMENT,101,112,104,andrea,TRVL-BT
290,clueweb12-0002wb-07-19855,0,0,2017-03-15 20:17:34.47,CLOSE_DOCUMENT,101,112,104,andrea,TRVL-BT
292,clueweb12-0107wb-30-09126,0,7,2017-03-15 20:17:41.714,OPEN_DOCUMENT,101,112,104,andrea,TRVL-BT
293,clueweb12-0107wb-30-09126,0,7,2017-03-15 20:17:49.061,CLOSE_DOCUMENT,101,112,104,andrea,TRVL-BT
295,clueweb12-0108wb-11-10871,0,1,2017-03-15 20:18:23.116,OPEN_DOCUMENT,101,112,104,andrea,TRVL-BT
296,clueweb12-0108wb-11-10871,0,1,2017-03-15 20:18:32.441,CLOSE_DOCUMENT,101,112,104,andrea,TRVL-BT
299,clueweb12-0107wb-71-09808,0,10,2017-03-15 20:18:59.514,OPEN_DOCUMENT,101,112,104,andrea,TRVL-BT
300,clueweb12-0107wb-71-09808,0,,2017-03-15 20:19:20.776,BOOKMARK,101,112,104,andrea,TRVL-BT
301,clueweb12-0107wb-71-09808,0,10,2017-03-15 20:19:38.061,CLOSE_DOCUMENT,101,112,104,andrea,TRVL-BT
303,clueweb12-0109wb-48-23382,0,,2017-03-15 20:20:10.638,OPEN_BOOKMARK,101,112,104,andrea,TRVL-BT
304,clueweb12-0109wb-48-23382,0,,2017-03-15 20:20:15.089,CLOSE_BOOKMARK,101,112,104,andrea,TRVL-BT
306,clueweb12-0109wb-58-19639,0,,2017-03-15 20:20:18.459,OPEN_BOOKMARK,101,112,104,andrea,TRVL-BT
307,clueweb12-0109wb-58-19639,0,,2017-03-15 20:20:33.45,CLOSE_BOOKMARK,101,112,104,andrea,TRVL-BT
309,clueweb12-0109wb-48-23382,0,,2017-03-15 20:20:47.63,OPEN_BOOKMARK,101,112,104,andrea,TRVL-BT
310,clueweb12-0109wb-48-23382,0,,2017-03-15 20:20:52.344,CLOSE_BOOKMARK,101,112,104,andrea,TRVL-BT
312,,0,0,2017-03-15 20:21:44.764,QUERY_SUBMISSION,101,113,104,andrea,TRVL-BT
313,clueweb12-0111wb-18-01357,0,0,2017-03-15 20:21:49.837,OPEN_DOCUMENT,101,113,104,andrea,TRVL-BT
314,clueweb12-0111wb-18-01357,0,,2017-03-15 20:23:57.7,BOOKMARK,101,113,104,andrea,TRVL-BT
315,clueweb12-0111wb-18-01357,0,0,2017-03-15 20:23:58.469,CLOSE_DOCUMENT,101,113,104,andrea,TRVL-BT
317,clueweb12-0107wb-71-09808,0,,2017-03-15 20:24:01.882,OPEN_BOOKMARK,101,113,104,andrea,TRVL-BT
318,clueweb12-0107wb-71-09808,0,,2017-03-15 20:24:03.653,CLOSE_BOOKMARK,101,113,104,andrea,TRVL-BT
320,clueweb12-0206wb-49-19166,0,3,2017-03-15 20:24:14.438,OPEN_DOCUMENT,101,113,104,andrea,TRVL-BT
321,clueweb12-0206wb-49-19166,0,,2017-03-15 20:24:22.069,BOOKMARK,101,113,104,andrea,TRVL-BT
322,clueweb12-0206wb-49-19166,0,3,2017-03-15 20:24:27.783,CLOSE_DOCUMENT,101,113,104,andrea,TRVL-BT
324,clueweb12-0205wb-82-28952,0,2,2017-03-15 20:24:33.518,OPEN_DOCUMENT,101,113,104,andrea,TRVL-BT
325,clueweb12-0205wb-82-28952,0,2,2017-03-15 20:24:40.014,CLOSE_DOCUMENT,101,113,104,andrea,TRVL-BT
327,clueweb12-0206wb-49-19166,0,3,2017-03-15 20:24:54.694,OPEN_DOCUMENT,101,113,104,andrea,TRVL-BT
328,clueweb12-0206wb-49-19166,0,3,2017-03-15 20:24:57.917,CLOSE_DOCUMENT,101,113,104,andrea,TRVL-BT
331,clueweb12-0006wb-11-17309,0,10,2017-03-15 20:25:07.884,OPEN_DOCUMENT,101,113,104,andrea,TRVL-BT
332,clueweb12-0006wb-11-17309,0,10,2017-03-15 20:25:13.69,CLOSE_DOCUMENT,101,113,104,andrea,TRVL-BT
334,,0,0,2017-03-15 20:26:48.409,QUERY_SUBMISSION,101,114,104,andrea,TRVL-BT
335,clueweb12-0011wb-64-16886,0,0,2017-03-15 20:26:59.776,OPEN_DOCUMENT,101,114,104,andrea,TRVL-BT
336,clueweb12-0011wb-64-16886,0,0,2017-03-15 20:27:13.944,CLOSE_DOCUMENT,101,114,104,andrea,TRVL-BT
338,clueweb12-0102wb-95-12548,0,1,2017-03-15 20:27:22.142,OPEN_DOCUMENT,101,114,104,andrea,TRVL-BT
339,clueweb12-0102wb-95-12548,0,1,2017-03-15 20:27:38.402,CLOSE_DOCUMENT,101,114,104,andrea,TRVL-BT
341,clueweb12-0103wb-04-11942,0,2,2017-03-15 20:27:43.379,OPEN_DOCUMENT,101,114,104,andrea,TRVL-BT
342,clueweb12-0103wb-04-11942,0,2,2017-03-15 20:27:45.464,CLOSE_DOCUMENT,101,114,104,andrea,TRVL-BT
344,clueweb12-0111wb-72-04090,0,3,2017-03-15 20:27:47.957,OPEN_DOCUMENT,101,114,104,andrea,TRVL-BT
345,clueweb12-0111wb-72-04090,0,3,2017-03-15 20:28:11.651,CLOSE_DOCUMENT,101,114,104,andrea,TRVL-BT
347,clueweb12-0106wb-55-11879,0,4,2017-03-15 20:28:18.505,OPEN_DOCUMENT,101,114,104,andrea,TRVL-BT
348,clueweb12-0106wb-55-11879,0,4,2017-03-15 20:28:28.379,CLOSE_DOCUMENT,101,114,104,andrea,TRVL-BT
350,,0,0,2017-03-15 20:29:10.254,QUERY_SUBMISSION,101,115,104,andrea,TRVL-BT
351,clueweb12-0109wb-02-18448,0,2,2017-03-15 20:29:19.154,OPEN_DOCUMENT,101,115,104,andrea,TRVL-BT
352,clueweb12-0109wb-02-18448,0,,2017-03-15 20:29:31.242,BOOKMARK,101,115,104,andrea,TRVL-BT
353,clueweb12-0109wb-02-18448,0,2,2017-03-15 20:29:32.624,CLOSE_DOCUMENT,101,115,104,andrea,TRVL-BT
355,clueweb12-0104wb-90-31395,0,9,2017-03-15 20:29:46.109,OPEN_DOCUMENT,101,115,104,andrea,TRVL-BT
356,clueweb12-0104wb-90-31395,0,9,2017-03-15 20:29:56.133,CLOSE_DOCUMENT,101,115,104,andrea,TRVL-BT
358,clueweb12-0013wb-17-15333,0,0,2017-03-15 20:30:11.694,OPEN_DOCUMENT,101,115,104,andrea,TRVL-BT
359,clueweb12-0013wb-17-15333,0,0,2017-03-15 20:30:20.49,CLOSE_DOCUMENT,101,115,104,andrea,TRVL-BT
361,clueweb12-0013wb-17-15333,0,0,2017-03-15 20:33:05.744,OPEN_DOCUMENT,101,115,104,andrea,TRVL-BT
362,clueweb12-0013wb-17-15333,0,0,2017-03-15 20:33:07.755,CLOSE_DOCUMENT,101,115,104,andrea,TRVL-BT
364,clueweb12-0104wb-90-31395,0,9,2017-03-15 20:33:12.331,OPEN_DOCUMENT,101,115,104,andrea,TRVL-BT
365,clueweb12-0104wb-90-31395,0,9,2017-03-15 20:33:14.5,CLOSE_DOCUMENT,101,115,104,andrea,TRVL-BT
368,clueweb12-0106wb-55-11879,0,10,2017-03-15 20:33:22.426,OPEN_DOCUMENT,101,115,104,andrea,TRVL-BT
369,clueweb12-0106wb-55-11879,0,10,2017-03-15 20:33:31.319,CLOSE_DOCUMENT,101,115,104,andrea,TRVL-BT
372,clueweb12-0110wb-29-01553,0,21,2017-03-15 20:35:45.055,OPEN_DOCUMENT,101,115,104,andrea,TRVL-BT
373,clueweb12-0110wb-29-01553,0,,2017-03-15 20:35:53.726,BOOKMARK,101,115,104,andrea,TRVL-BT
374,clueweb12-0110wb-29-01553,0,21,2017-03-15 20:35:54.725,CLOSE_DOCUMENT,101,115,104,andrea,TRVL-BT
376,,0,0,2017-03-15 20:38:24.305,QUERY_SUBMISSION,101,116,104,andrea,TRVL-BT
377,clueweb12-0005wb-03-35381,0,5,2017-03-15 20:38:43.785,OPEN_DOCUMENT,101,116,104,andrea,TRVL-BT
378,clueweb12-0005wb-03-35381,0,5,2017-03-15 20:38:50.058,CLOSE_DOCUMENT,101,116,104,andrea,TRVL-BT
380,clueweb12-0205wb-23-07969,0,0,2017-03-15 20:38:58.565,OPEN_DOCUMENT,101,116,104,andrea,TRVL-BT
381,clueweb12-0205wb-23-07969,0,0,2017-03-15 20:39:05.03,CLOSE_DOCUMENT,101,116,104,andrea,TRVL-BT
383,,0,0,2017-03-15 20:40:41.553,QUERY_SUBMISSION,101,117,104,andrea,TRVL-BT
384,clueweb12-0106wb-98-00615,0,0,2017-03-15 20:40:52.123,OPEN_DOCUMENT,101,117,104,andrea,TRVL-BT
385,clueweb12-0106wb-98-00615,0,,2017-03-15 20:40:58.51,BOOKMARK,101,117,104,andrea,TRVL-BT
386,clueweb12-0106wb-98-00615,0,0,2017-03-15 20:41:01.834,CLOSE_DOCUMENT,101,117,104,andrea,TRVL-BT
388,clueweb12-0108wb-34-19435,0,2,2017-03-15 20:41:13.051,OPEN_DOCUMENT,101,117,104,andrea,TRVL-BT
389,clueweb12-0108wb-34-19435,0,2,2017-03-15 20:41:22.975,CLOSE_DOCUMENT,101,117,104,andrea,TRVL-BT
392,clueweb12-0107wb-32-07161,0,16,2017-03-15 20:42:06.122,OPEN_DOCUMENT,101,117,104,andrea,TRVL-BT
393,clueweb12-0107wb-32-07161,0,,2017-03-15 20:42:21.15,BOOKMARK,101,117,104,andrea,TRVL-BT
394,clueweb12-0107wb-32-07161,0,16,2017-03-15 20:42:22.372,CLOSE_DOCUMENT,101,117,104,andrea,TRVL-BT
398,clueweb12-0206wb-28-15700,0,35,2017-03-15 20:42:56.5,OPEN_DOCUMENT,101,117,104,andrea,TRVL-BT
399,clueweb12-0206wb-28-15700,0,35,2017-03-15 20:43:30.505,CLOSE_DOCUMENT,101,117,104,andrea,TRVL-BT
402,,0,0,2017-03-15 20:43:47.399,QUERY_SUBMISSION,101,118,104,andrea,TRVL-BT
403,clueweb12-0009wb-24-37407,0,1,2017-03-15 20:45:04.136,OPEN_DOCUMENT,101,118,104,andrea,TRVL-BT
404,clueweb12-0009wb-24-37407,0,1,2017-03-15 20:45:18.792,CLOSE_DOCUMENT,101,118,104,andrea,TRVL-BT
406,clueweb12-0206wb-90-27891,0,3,2017-03-15 20:45:27.203,OPEN_DOCUMENT,101,118,104,andrea,TRVL-BT
407,clueweb12-0206wb-90-27891,0,3,2017-03-15 20:45:42.302,CLOSE_DOCUMENT,101,118,104,andrea,TRVL-BT
409,clueweb12-0108wb-89-22896,0,6,2017-03-15 20:45:52.069,OPEN_DOCUMENT,101,118,104,andrea,TRVL-BT
410,clueweb12-0108wb-89-22896,0,6,2017-03-15 20:46:22.599,CLOSE_DOCUMENT,101,118,104,andrea,TRVL-BT
412,clueweb12-0106wb-02-29568,0,8,2017-03-15 20:46:29.559,OPEN_DOCUMENT,101,118,104,andrea,TRVL-BT
413,clueweb12-0106wb-02-29568,0,,2017-03-15 20:46:48.13,BOOKMARK,101,118,104,andrea,TRVL-BT
414,clueweb12-0106wb-02-29568,0,8,2017-03-15 20:46:48.868,CLOSE_DOCUMENT,101,118,104,andrea,TRVL-BT
417,clueweb12-0107wb-32-07161,0,,2017-03-15 20:47:31.415,OPEN_BOOKMARK,101,118,104,andrea,TRVL-BT
418,clueweb12-0107wb-32-07161,0,,2017-03-15 20:47:34.324,CLOSE_BOOKMARK,101,118,104,andrea,TRVL-BT
420,,0,0,2017-03-15 20:48:40.137,QUERY_SUBMISSION,101,119,104,andrea,TRVL-BT
421,clueweb12-0209wb-10-21709,0,0,2017-03-15 20:48:51.847,OPEN_DOCUMENT,101,119,104,andrea,TRVL-BT
422,clueweb12-0209wb-10-21709,0,0,2017-03-15 20:49:27.902,CLOSE_DOCUMENT,101,119,104,andrea,TRVL-BT
424,clueweb12-0210wb-10-10674,0,7,2017-03-15 20:49:33.646,OPEN_DOCUMENT,101,119,104,andrea,TRVL-BT
425,clueweb12-0210wb-10-10674,0,7,2017-03-15 20:49:39.157,CLOSE_DOCUMENT,101,119,104,andrea,TRVL-BT
427,clueweb12-0209wb-10-21709,0,0,2017-03-15 21:10:13.214,OPEN_DOCUMENT,101,119,104,andrea,TRVL-BT
428,clueweb12-0209wb-10-21709,0,,2017-03-15 21:10:21.188,BOOKMARK,101,119,104,andrea,TRVL-BT
429,clueweb12-0209wb-10-21709,0,0,2017-03-15 21:10:22.091,CLOSE_DOCUMENT,101,119,104,andrea,TRVL-BT
431,,0,0,2017-03-15 21:13:21.617,QUERY_SUBMISSION,101,120,104,andrea,TRVL-BT
432,clueweb12-0110wb-07-33679,0,0,2017-03-15 21:13:24.81,OPEN_DOCUMENT,101,120,104,andrea,TRVL-BT
433,clueweb12-0110wb-07-33679,0,,2017-03-15 21:13:37.784,BOOKMARK,101,120,104,andrea,TRVL-BT
434,clueweb12-0110wb-07-33679,0,0,2017-03-15 21:13:38.72,CLOSE_DOCUMENT,101,120,104,andrea,TRVL-BT
436,clueweb12-0001wb-69-19058,0,1,2017-03-15 21:13:41.914,OPEN_DOCUMENT,101,120,104,andrea,TRVL-BT
437,clueweb12-0001wb-69-19058,0,1,2017-03-15 21:13:50.688,CLOSE_DOCUMENT,101,120,104,andrea,TRVL-BT
439,clueweb12-0207wb-55-27712,0,2,2017-03-15 21:13:55.288,OPEN_DOCUMENT,101,120,104,andrea,TRVL-BT
440,clueweb12-0207wb-55-27712,0,2,2017-03-15 21:14:06.321,CLOSE_DOCUMENT,101,120,104,andrea,TRVL-BT
442,,0,0,2017-03-15 21:15:11.208,QUERY_SUBMISSION,101,121,104,andrea,TRVL-BT
445,clueweb12-0108wb-44-13761,0,,2017-03-15 21:15:44.094,BOOKMARK,101,121,104,andrea,TRVL-BT
446,clueweb12-0108wb-44-13761,0,6,2017-03-15 21:15:44.58,CLOSE_DOCUMENT,101,121,104,andrea,TRVL-BT
449,,0,0,2017-03-15 21:16:40.621,QUERY_SUBMISSION,101,122,104,andrea,TRVL-BT
450,clueweb12-0108wb-44-13761,0,0,2017-03-15 21:16:45.643,OPEN_DOCUMENT,101,122,104,andrea,TRVL-BT
451,clueweb12-0108wb-44-13761,0,0,2017-03-15 21:16:48.567,CLOSE_DOCUMENT,101,122,104,andrea,TRVL-BT
453,clueweb12-0003wb-73-17947,0,3,2017-03-15 21:16:58.366,OPEN_DOCUMENT,101,122,104,andrea,TRVL-BT
454,clueweb12-0003wb-73-17947,0,3,2017-03-15 21:17:05.021,CLOSE_DOCUMENT,101,122,104,andrea,TRVL-BT
460,clueweb12-0003wb-73-17947,0,3,2017-03-15 21:19:30.243,OPEN_DOCUMENT,101,122,104,andrea,TRVL-BT
461,clueweb12-0003wb-73-17947,0,3,2017-03-15 21:19:37.188,CLOSE_DOCUMENT,101,122,104,andrea,TRVL-BT
463,clueweb12-0003wb-73-17947,0,3,2017-03-15 21:19:42.894,OPEN_DOCUMENT,101,122,104,andrea,TRVL-BT
464,clueweb12-0003wb-73-17947,0,3,2017-03-15 21:19:45.548,CLOSE_DOCUMENT,101,122,104,andrea,TRVL-BT
466,,0,0,2017-03-15 21:20:27.075,QUERY_SUBMISSION,101,123,104,andrea,TRVL-BT
467,clueweb12-0108wb-44-13761,0,0,2017-03-15 21:20:32.472,OPEN_DOCUMENT,101,123,104,andrea,TRVL-BT
468,clueweb12-0108wb-44-13761,0,0,2017-03-15 21:20:34.788,CLOSE_DOCUMENT,101,123,104,andrea,TRVL-BT
470,clueweb12-0003wb-89-37948,0,3,2017-03-15 21:20:37.948,OPEN_DOCUMENT,101,123,104,andrea,TRVL-BT
471,clueweb12-0003wb-89-37948,0,3,2017-03-15 21:20:40.832,CLOSE_DOCUMENT,101,123,104,andrea,TRVL-BT
475,clueweb12-0107wb-05-33148,0,7,2017-03-15 21:20:58.065,OPEN_DOCUMENT,101,123,104,andrea,TRVL-BT
476,clueweb12-0107wb-05-33148,0,7,2017-03-15 21:21:18.814,CLOSE_DOCUMENT,101,123,104,andrea,TRVL-BT
478,,0,,2017-03-15 21:21:49.978,SUSPEND_QUERYSESSION,101,,104,andrea,TRVL-BT
479,,0,,2017-03-17 08:50:24.572,RESUME_QUERYSESSION,101,,104,andrea,TRVL-BT
481,,0,0,2017-03-17 08:51:22.783,QUERY_SUBMISSION,101,124,104,andrea,TRVL-BT
482,clueweb12-0109wb-48-23382,0,0,2017-03-17 08:51:29.06,OPEN_DOCUMENT,101,124,104,andrea,TRVL-BT
483,clueweb12-0109wb-48-23382,0,0,2017-03-17 08:51:42.644,CLOSE_DOCUMENT,101,124,104,andrea,TRVL-BT
485,clueweb12-0109wb-97-22455,0,1,2017-03-17 08:51:45.968,OPEN_DOCUMENT,101,124,104,andrea,TRVL-BT
486,clueweb12-0109wb-97-22455,0,1,2017-03-17 08:51:50.624,CLOSE_DOCUMENT,101,124,104,andrea,TRVL-BT
488,clueweb12-0107wb-71-09808,0,4,2017-03-17 08:52:08.994,OPEN_DOCUMENT,101,124,104,andrea,TRVL-BT
489,clueweb12-0107wb-71-09808,0,4,2017-03-17 08:52:15.026,CLOSE_DOCUMENT,101,124,104,andrea,TRVL-BT
491,clueweb12-0109wb-58-19639,0,5,2017-03-17 08:52:22.111,OPEN_DOCUMENT,101,124,104,andrea,TRVL-BT
492,clueweb12-0109wb-58-19639,0,5,2017-03-17 08:52:33.097,CLOSE_DOCUMENT,101,124,104,andrea,TRVL-BT
494,,0,0,2017-03-17 08:58:40.303,QUERY_SUBMISSION,101,125,104,andrea,TRVL-BT
495,clueweb12-0106wb-88-18568,0,0,2017-03-17 08:58:45.167,OPEN_DOCUMENT,101,125,104,andrea,TRVL-BT
496,clueweb12-0106wb-88-18568,0,,2017-03-17 08:58:49.182,BOOKMARK,101,125,104,andrea,TRVL-BT
497,clueweb12-0106wb-88-18568,0,0,2017-03-17 08:58:55.305,CLOSE_DOCUMENT,101,125,104,andrea,TRVL-BT
499,clueweb12-0106wb-04-18725,0,1,2017-03-17 08:58:59.562,OPEN_DOCUMENT,101,125,104,andrea,TRVL-BT
500,clueweb12-0106wb-04-18725,0,1,2017-03-17 08:59:03.346,CLOSE_DOCUMENT,101,125,104,andrea,TRVL-BT
502,clueweb12-0105wb-41-25843,0,5,2017-03-17 08:59:15.898,OPEN_DOCUMENT,101,125,104,andrea,TRVL-BT
503,clueweb12-0105wb-41-25843,0,5,2017-03-17 08:59:21.79,CLOSE_DOCUMENT,101,125,104,andrea,TRVL-BT
505,clueweb12-0109wb-58-19639,0,,2017-03-17 08:59:34.553,OPEN_BOOKMARK,101,125,104,andrea,TRVL-BT
506,clueweb12-0109wb-58-19639,0,,2017-03-17 08:59:36.454,CLOSE_BOOKMARK,101,125,104,andrea,TRVL-BT
510,clueweb12-0108wb-93-08494,0,7,2017-03-17 08:59:58.194,OPEN_DOCUMENT,101,125,104,andrea,TRVL-BT
511,clueweb12-0108wb-93-08494,0,7,2017-03-17 09:00:06.832,CLOSE_DOCUMENT,101,125,104,andrea,TRVL-BT
513,clueweb12-0001wb-91-20481,0,9,2017-03-17 09:00:11.631,OPEN_DOCUMENT,101,125,104,andrea,TRVL-BT
514,clueweb12-0001wb-91-20481,0,9,2017-03-17 09:00:34.384,CLOSE_DOCUMENT,101,125,104,andrea,TRVL-BT
516,,0,0,2017-03-17 09:00:48.424,QUERY_SUBMISSION,101,126,104,andrea,TRVL-BT
517,clueweb12-0208wb-08-07522,0,1,2017-03-17 09:01:00.278,OPEN_DOCUMENT,101,126,104,andrea,TRVL-BT
518,clueweb12-0208wb-08-07522,0,1,2017-03-17 09:01:12.456,CLOSE_DOCUMENT,101,126,104,andrea,TRVL-BT
520,clueweb12-0208wb-08-07522,0,1,2017-03-17 09:01:17.523,OPEN_DOCUMENT,101,126,104,andrea,TRVL-BT
521,clueweb12-0208wb-08-07522,0,1,2017-03-17 09:01:19.682,CLOSE_DOCUMENT,101,126,104,andrea,TRVL-BT
523,clueweb12-0103wb-86-16953,0,8,2017-03-17 09:11:37.072,OPEN_DOCUMENT,101,126,104,andrea,TRVL-BT
524,clueweb12-0103wb-86-16953,0,8,2017-03-17 09:12:00.633,CLOSE_DOCUMENT,101,126,104,andrea,TRVL-BT
526,clueweb12-0106wb-34-23623,0,3,2017-03-17 09:12:06.343,OPEN_DOCUMENT,101,126,104,andrea,TRVL-BT
527,clueweb12-0106wb-34-23623,0,,2017-03-17 09:12:12.489,BOOKMARK,101,126,104,andrea,TRVL-BT
528,clueweb12-0106wb-34-23623,0,3,2017-03-17 09:12:13.384,CLOSE_DOCUMENT,101,126,104,andrea,TRVL-BT
532,clueweb12-0208wb-08-07522,0,1,2017-03-17 09:22:28.422,OPEN_DOCUMENT,101,126,104,andrea,TRVL-BT
533,clueweb12-0208wb-08-07522,0,1,2017-03-17 09:22:34.709,CLOSE_DOCUMENT,101,126,104,andrea,TRVL-BT
536,,0,0,2017-03-17 09:28:14.776,QUERY_SUBMISSION,101,127,104,andrea,TRVL-BT
537,clueweb12-0000wb-90-08117,0,0,2017-03-17 09:28:22.491,OPEN_DOCUMENT,101,127,104,andrea,TRVL-BT
538,clueweb12-0000wb-90-08117,0,0,2017-03-17 09:29:00.865,CLOSE_DOCUMENT,101,127,104,andrea,TRVL-BT
540,clueweb12-0206wb-86-14464,0,5,2017-03-17 09:29:29.765,OPEN_DOCUMENT,101,127,104,andrea,TRVL-BT
541,clueweb12-0206wb-86-14464,0,5,2017-03-17 09:29:48.576,CLOSE_DOCUMENT,101,127,104,andrea,TRVL-BT
543,clueweb12-0102wb-89-22382,0,7,2017-03-17 09:31:21.291,OPEN_DOCUMENT,101,127,104,andrea,TRVL-BT
544,clueweb12-0102wb-89-22382,0,7,2017-03-17 09:31:29.991,CLOSE_DOCUMENT,101,127,104,andrea,TRVL-BT
548,,0,0,2017-03-17 09:32:49.671,QUERY_SUBMISSION,101,128,104,andrea,TRVL-BT
549,clueweb12-0000wb-90-08117,0,0,2017-03-17 09:33:09.742,OPEN_DOCUMENT,101,128,104,andrea,TRVL-BT
550,clueweb12-0000wb-90-08117,0,0,2017-03-17 09:33:27.827,CLOSE_DOCUMENT,101,128,104,andrea,TRVL-BT
552,clueweb12-0110wb-46-09629,0,2,2017-03-17 09:33:33.223,OPEN_DOCUMENT,101,128,104,andrea,TRVL-BT
553,clueweb12-0110wb-46-09629,0,2,2017-03-17 09:33:52.844,CLOSE_DOCUMENT,101,128,104,andrea,TRVL-BT
555,clueweb12-0102wb-89-22382,0,4,2017-03-17 09:33:59.939,OPEN_DOCUMENT,101,128,104,andrea,TRVL-BT
556,clueweb12-0102wb-89-22382,0,4,2017-03-17 09:34:05.985,CLOSE_DOCUMENT,101,128,104,andrea,TRVL-BT
558,clueweb12-0004wb-74-09431,0,8,2017-03-17 09:34:15.01,OPEN_DOCUMENT,101,128,104,andrea,TRVL-BT
559,clueweb12-0004wb-74-09431,0,8,2017-03-17 09:34:20.977,CLOSE_DOCUMENT,101,128,104,andrea,TRVL-BT
561,,0,0,2017-03-17 09:37:35.084,QUERY_SUBMISSION,101,129,104,andrea,TRVL-BT
562,clueweb12-0110wb-56-22835,0,0,2017-03-17 09:37:42.085,OPEN_DOCUMENT,101,129,104,andrea,TRVL-BT
563,clueweb12-0110wb-56-22835,0,0,2017-03-17 09:37:50.3,CLOSE_DOCUMENT,101,129,104,andrea,TRVL-BT
565,clueweb12-0205wb-43-23241,0,1,2017-03-17 09:37:53.03,OPEN_DOCUMENT,101,129,104,andrea,TRVL-BT
566,clueweb12-0205wb-43-23241,0,1,2017-03-17 09:38:02.158,CLOSE_DOCUMENT,101,129,104,andrea,TRVL-BT
568,clueweb12-0108wb-36-23721,0,2,2017-03-17 09:38:05.056,OPEN_DOCUMENT,101,129,104,andrea,TRVL-BT
569,clueweb12-0108wb-36-23721,0,2,2017-03-17 09:38:41.451,CLOSE_DOCUMENT,101,129,104,andrea,TRVL-BT
571,clueweb12-0003wb-79-30983,0,3,2017-03-17 09:38:48.187,OPEN_DOCUMENT,101,129,104,andrea,TRVL-BT
572,clueweb12-0003wb-79-30983,0,3,2017-03-17 09:38:53.122,CLOSE_DOCUMENT,101,129,104,andrea,TRVL-BT
574,clueweb12-0107wb-78-10191,0,8,2017-03-17 09:39:03.587,OPEN_DOCUMENT,101,129,104,andrea,TRVL-BT
575,clueweb12-0107wb-78-10191,0,8,2017-03-17 09:39:12.956,CLOSE_DOCUMENT,101,129,104,andrea,TRVL-BT
577,clueweb12-0107wb-84-31657,0,9,2017-03-17 09:39:18.823,OPEN_DOCUMENT,101,129,104,andrea,TRVL-BT
578,clueweb12-0107wb-84-31657,0,,2017-03-17 09:39:46.687,BOOKMARK,101,129,104,andrea,TRVL-BT
579,clueweb12-0107wb-84-31657,0,9,2017-03-17 09:39:47.621,CLOSE_DOCUMENT,101,129,104,andrea,TRVL-BT
582,clueweb12-0107wb-70-03326,0,11,2017-03-17 09:39:59.296,OPEN_DOCUMENT,101,129,104,andrea,TRVL-BT
583,clueweb12-0107wb-70-03326,0,11,2017-03-17 09:40:05.395,CLOSE_DOCUMENT,101,129,104,andrea,TRVL-BT
585,clueweb12-0003wb-90-33671,0,10,2017-03-17 09:40:14.106,OPEN_DOCUMENT,101,129,104,andrea,TRVL-BT
586,clueweb12-0003wb-90-33671,0,10,2017-03-17 09:43:39.696,CLOSE_DOCUMENT,101,129,104,andrea,TRVL-BT
589,clueweb12-0108wb-00-00265,0,21,2017-03-17 09:43:56.744,OPEN_DOCUMENT,101,129,104,andrea,TRVL-BT
590,clueweb12-0108wb-00-00265,0,21,2017-03-17 09:44:04.686,CLOSE_DOCUMENT,101,129,104,andrea,TRVL-BT
591,,0,20,2017-03-17 09:44:05.036,QUERY_SUBMISSION,101,129,104,andrea,TRVL-BT
592,,0,0,2017-03-17 09:44:13.192,QUERY_SUBMISSION,101,129,104,andrea,TRVL-BT
593,,1,,2017-03-17 10:07:05.277,SUSPEND_QUERYSESSION,101,,104,andrea,TRVL-BT
594,,1,,2017-03-17 10:07:09.469,RESUME_QUERYSESSION,101,,104,andrea,TRVL-BT
595,,1,,2017-03-17 10:29:42.115,SUSPEND_QUERYSESSION,101,,104,andrea,TRVL-BT
596,,1,,2017-03-17 10:29:45.157,RESUME_QUERYSESSION,101,,104,andrea,TRVL-BT
601,,1,,2017-03-17 11:27:55.56,SUSPEND_QUERYSESSION,101,,104,andrea,TRVL-BT
602,,1,,2017-03-17 11:27:58.056,RESUME_QUERYSESSION,101,,104,andrea,TRVL-BT
603,,1,,2017-03-19 09:42:25.742,RESUME_QUERYSESSION,101,,104,andrea,TRVL-BT
604,,1,,2017-03-19 09:43:06.104,SUSPEND_QUERYSESSION,101,,104,andrea,TRVL-BT
605,,1,,2017-03-19 09:43:08.253,RESUME_QUERYSESSION,101,,104,andrea,TRVL-BT
606,,1,,2017-03-19 11:30:02.515,SUSPEND_QUERYSESSION,101,,104,andrea,TRVL-BT
607,,1,,2017-03-19 11:30:04.769,RESUME_QUERYSESSION,101,,104,andrea,TRVL-BT
608,,3,,2017-03-19 12:11:02.086,SUSPEND_QUERYSESSION,101,,104,andrea,TRVL-BT
609,,3,,2017-03-19 12:11:10.918,SUSPEND_QUERYSESSION,101,,104,andrea,TRVL-BT
616,,0,0,2017-03-20 09:33:08.63,QUERY_SUBMISSION,59,134,107,user_07,BKS-Y
617,clueweb12-0104wb-62-17812,0,0,2017-03-20 09:33:24.506,OPEN_DOCUMENT,59,134,107,user_07,BKS-Y
618,clueweb12-0012wb-50-31681,0,4,2017-03-20 09:33:38.343,OPEN_DOCUMENT,59,134,107,user_07,BKS-Y
619,clueweb12-0100wb-99-29999,0,6,2017-03-20 09:36:33.942,OPEN_DOCUMENT,59,134,107,user_07,BKS-Y
620,clueweb12-0110wb-97-33007,0,2,2017-03-20 09:38:03.986,OPEN_DOCUMENT,59,134,107,user_07,BKS-Y
621,clueweb12-0003wb-19-06552,0,5,2017-03-20 09:38:46.761,OPEN_DOCUMENT,59,134,107,user_07,BKS-Y
622,clueweb12-0211wb-35-03990,0,3,2017-03-20 09:40:07.898,OPEN_DOCUMENT,59,134,107,user_07,BKS-Y
623,clueweb12-0211wb-74-05929,0,1,2017-03-20 09:40:19.977,OPEN_DOCUMENT,59,134,107,user_07,BKS-Y
624,clueweb12-0207wb-77-29487,0,7,2017-03-20 09:42:05.403,OPEN_DOCUMENT,59,134,107,user_07,BKS-Y
625,clueweb12-0211wb-42-20824,0,8,2017-03-20 09:42:37.39,OPEN_DOCUMENT,59,134,107,user_07,BKS-Y
626,clueweb12-0104wb-59-01428,0,9,2017-03-20 09:42:38.964,OPEN_DOCUMENT,59,134,107,user_07,BKS-Y
627,,0,0,2017-03-20 09:44:13.782,QUERY_SUBMISSION,59,135,107,user_07,BKS-Y
628,clueweb12-0000wb-37-32880,0,0,2017-03-20 09:44:23.348,OPEN_DOCUMENT,59,135,107,user_07,BKS-Y
629,clueweb12-0203wb-31-01456,0,1,2017-03-20 09:44:25.006,OPEN_DOCUMENT,59,135,107,user_07,BKS-Y
630,clueweb12-0007wb-81-24408,0,6,2017-03-20 09:46:31.555,OPEN_DOCUMENT,59,135,107,user_07,BKS-Y
631,clueweb12-0107wb-69-16701,0,7,2017-03-20 09:46:32.686,OPEN_DOCUMENT,59,135,107,user_07,BKS-Y
632,clueweb12-0009wb-68-08169,0,8,2017-03-20 09:46:34.246,OPEN_DOCUMENT,59,135,107,user_07,BKS-Y
633,clueweb12-0010wb-37-23062,0,9,2017-03-20 09:46:36.447,OPEN_DOCUMENT,59,135,107,user_07,BKS-Y
634,clueweb12-0005wb-65-26662,0,5,2017-03-20 09:47:44.182,OPEN_DOCUMENT,59,135,107,user_07,BKS-Y
635,clueweb12-0005wb-65-26662,0,5,2017-03-20 09:47:54.583,OPEN_DOCUMENT,59,135,107,user_07,BKS-Y
636,clueweb12-0005wb-65-26662,0,5,2017-03-20 09:48:04.936,OPEN_DOCUMENT,59,135,107,user_07,BKS-Y
637,,0,0,2017-03-20 09:48:20.804,QUERY_SUBMISSION,59,136,107,user_07,BKS-Y
638,clueweb12-0009wb-58-30520,0,0,2017-03-20 09:48:27.687,OPEN_DOCUMENT,59,136,107,user_07,BKS-Y
639,clueweb12-0209wb-73-04952,0,1,2017-03-20 09:48:29.832,OPEN_DOCUMENT,59,136,107,user_07,BKS-Y
640,clueweb12-0205wb-89-03469,0,2,2017-03-20 09:48:31.641,OPEN_DOCUMENT,59,136,107,user_07,BKS-Y
641,clueweb12-0009wb-95-30557,0,3,2017-03-20 09:49:59.123,OPEN_DOCUMENT,59,136,107,user_07,BKS-Y
834,,1,,2017-03-21 23:46:53.911,RESUME_QUERYSESSION,59,,107,user_07,BKS-Y
642,clueweb12-0103wb-93-16719,0,4,2017-03-20 09:50:00.814,OPEN_DOCUMENT,59,136,107,user_07,BKS-Y
643,clueweb12-0011wb-14-02737,0,5,2017-03-20 09:50:02.716,OPEN_DOCUMENT,59,136,107,user_07,BKS-Y
644,clueweb12-0011wb-23-13666,0,6,2017-03-20 09:53:14.298,OPEN_DOCUMENT,59,136,107,user_07,BKS-Y
645,clueweb12-0009wb-77-33466,0,7,2017-03-20 09:53:15.363,OPEN_DOCUMENT,59,136,107,user_07,BKS-Y
646,clueweb12-0206wb-18-30862,0,8,2017-03-20 09:53:16.325,OPEN_DOCUMENT,59,136,107,user_07,BKS-Y
647,clueweb12-0009wb-16-18001,0,9,2017-03-20 09:53:17.87,OPEN_DOCUMENT,59,136,107,user_07,BKS-Y
648,,0,0,2017-03-20 09:54:48.963,QUERY_SUBMISSION,59,137,107,user_07,BKS-Y
649,clueweb12-0209wb-37-33440,0,0,2017-03-20 09:55:31.982,OPEN_DOCUMENT,59,137,107,user_07,BKS-Y
650,clueweb12-0210wb-08-28543,0,1,2017-03-20 09:55:59.81,OPEN_DOCUMENT,59,137,107,user_07,BKS-Y
651,clueweb12-0210wb-55-11972,0,2,2017-03-20 09:56:01.17,OPEN_DOCUMENT,59,137,107,user_07,BKS-Y
652,clueweb12-0100tw-43-12079,0,3,2017-03-20 09:56:59.434,OPEN_DOCUMENT,59,137,107,user_07,BKS-Y
653,clueweb12-0209wb-45-35602,0,4,2017-03-20 09:57:29.742,OPEN_DOCUMENT,59,137,107,user_07,BKS-Y
654,clueweb12-0209wb-31-12579,0,5,2017-03-20 09:57:31.235,OPEN_DOCUMENT,59,137,107,user_07,BKS-Y
655,clueweb12-0210wb-88-12097,0,7,2017-03-20 09:58:41.053,OPEN_DOCUMENT,59,137,107,user_07,BKS-Y
656,clueweb12-0212wb-17-09889,0,8,2017-03-20 09:58:43.572,OPEN_DOCUMENT,59,137,107,user_07,BKS-Y
657,clueweb12-0211wb-69-19189,0,9,2017-03-20 09:58:45.7,OPEN_DOCUMENT,59,137,107,user_07,BKS-Y
658,clueweb12-0208wb-29-06482,0,6,2017-03-20 09:58:57.489,OPEN_DOCUMENT,59,137,107,user_07,BKS-Y
659,,0,0,2017-03-20 10:01:57.196,QUERY_SUBMISSION,59,138,107,user_07,BKS-Y
660,clueweb12-0202wb-79-23536,0,0,2017-03-20 10:02:00.6,OPEN_DOCUMENT,59,138,107,user_07,BKS-Y
661,clueweb12-0202wb-87-33266,0,1,2017-03-20 10:02:01.998,OPEN_DOCUMENT,59,138,107,user_07,BKS-Y
662,clueweb12-0105wb-89-20849,0,2,2017-03-20 10:02:03.284,OPEN_DOCUMENT,59,138,107,user_07,BKS-Y
663,clueweb12-0002wb-09-07212,0,3,2017-03-20 10:02:59.235,OPEN_DOCUMENT,59,138,107,user_07,BKS-Y
664,clueweb12-0203wb-52-30033,0,4,2017-03-20 10:03:00.69,OPEN_DOCUMENT,59,138,107,user_07,BKS-Y
665,clueweb12-0201wb-62-08431,0,5,2017-03-20 10:03:02.414,OPEN_DOCUMENT,59,138,107,user_07,BKS-Y
666,clueweb12-0101wb-29-13169,0,6,2017-03-20 10:04:14.442,OPEN_DOCUMENT,59,138,107,user_07,BKS-Y
667,clueweb12-0200tw-82-17054,0,7,2017-03-20 10:04:15.793,OPEN_DOCUMENT,59,138,107,user_07,BKS-Y
668,clueweb12-0002wb-24-18091,0,9,2017-03-20 10:04:18.679,OPEN_DOCUMENT,59,138,107,user_07,BKS-Y
669,,0,0,2017-03-20 10:05:52.803,QUERY_SUBMISSION,59,139,107,user_07,BKS-Y
670,clueweb12-0207wb-82-07426,0,0,2017-03-20 10:06:17.732,OPEN_DOCUMENT,59,139,107,user_07,BKS-Y
671,clueweb12-0007wb-65-03448,0,1,2017-03-20 10:06:19.078,OPEN_DOCUMENT,59,139,107,user_07,BKS-Y
672,clueweb12-0202wb-25-26324,0,2,2017-03-20 10:06:20.334,OPEN_DOCUMENT,59,139,107,user_07,BKS-Y
673,clueweb12-0200tw-18-18908,0,3,2017-03-20 10:08:25.552,OPEN_DOCUMENT,59,139,107,user_07,BKS-Y
674,clueweb12-0211wb-51-20722,0,4,2017-03-20 10:08:26.978,OPEN_DOCUMENT,59,139,107,user_07,BKS-Y
675,clueweb12-0010wb-50-22940,0,5,2017-03-20 10:08:29.28,OPEN_DOCUMENT,59,139,107,user_07,BKS-Y
676,clueweb12-0200tw-18-18908,0,3,2017-03-20 10:09:17.726,OPEN_DOCUMENT,59,139,107,user_07,BKS-Y
677,clueweb12-0200tw-18-18908,0,3,2017-03-20 10:09:25.246,OPEN_DOCUMENT,59,139,107,user_07,BKS-Y
678,clueweb12-0005wb-91-30295,0,6,2017-03-20 10:09:36.1,OPEN_DOCUMENT,59,139,107,user_07,BKS-Y
679,clueweb12-0211wb-69-26681,0,7,2017-03-20 10:09:37.886,OPEN_DOCUMENT,59,139,107,user_07,BKS-Y
680,clueweb12-0104wb-59-04525,0,8,2017-03-20 10:09:41.134,OPEN_DOCUMENT,59,139,107,user_07,BKS-Y
681,clueweb12-0205wb-35-09631,0,9,2017-03-20 10:09:43.226,OPEN_DOCUMENT,59,139,107,user_07,BKS-Y
682,,0,0,2017-03-20 10:11:21.127,QUERY_SUBMISSION,59,140,107,user_07,BKS-Y
683,clueweb12-0105wb-30-25697,0,1,2017-03-20 10:11:29.084,OPEN_DOCUMENT,59,140,107,user_07,BKS-Y
684,clueweb12-0005wb-89-11848,0,2,2017-03-20 10:11:29.614,OPEN_DOCUMENT,59,140,107,user_07,BKS-Y
685,clueweb12-0207wb-54-12396,0,3,2017-03-20 10:11:30.378,OPEN_DOCUMENT,59,140,107,user_07,BKS-Y
686,clueweb12-0004wb-93-02309,0,5,2017-03-20 10:12:44.663,OPEN_DOCUMENT,59,140,107,user_07,BKS-Y
687,clueweb12-0005wb-06-09090,0,6,2017-03-20 10:12:45.677,OPEN_DOCUMENT,59,140,107,user_07,BKS-Y
688,clueweb12-0005wb-67-11874,0,7,2017-03-20 10:12:48.768,OPEN_DOCUMENT,59,140,107,user_07,BKS-Y
689,clueweb12-0204wb-16-12786,0,4,2017-03-20 10:13:05.94,OPEN_DOCUMENT,59,140,107,user_07,BKS-Y
690,clueweb12-0105wb-43-12854,0,9,2017-03-20 10:14:13.208,OPEN_DOCUMENT,59,140,107,user_07,BKS-Y
691,clueweb12-0006wb-03-00798,0,8,2017-03-20 10:14:42.411,OPEN_DOCUMENT,59,140,107,user_07,BKS-Y
692,,0,0,2017-03-20 10:15:17.687,QUERY_SUBMISSION,59,141,107,user_07,BKS-Y
693,clueweb12-0001wb-64-00588,0,0,2017-03-20 10:15:20.615,OPEN_DOCUMENT,59,141,107,user_07,BKS-Y
694,clueweb12-0201wb-85-34321,0,1,2017-03-20 10:15:21.838,OPEN_DOCUMENT,59,141,107,user_07,BKS-Y
695,clueweb12-0009wb-13-00713,0,2,2017-03-20 10:15:23.209,OPEN_DOCUMENT,59,141,107,user_07,BKS-Y
696,clueweb12-0210wb-94-00349,0,4,2017-03-20 10:16:40.915,OPEN_DOCUMENT,59,141,107,user_07,BKS-Y
697,clueweb12-0210wb-87-27490,0,5,2017-03-20 10:16:42.265,OPEN_DOCUMENT,59,141,107,user_07,BKS-Y
698,clueweb12-0105wb-30-25697,0,3,2017-03-20 10:17:00.891,OPEN_DOCUMENT,59,141,107,user_07,BKS-Y
699,clueweb12-0006wb-47-24436,0,6,2017-03-20 10:17:24.562,OPEN_DOCUMENT,59,141,107,user_07,BKS-Y
700,clueweb12-0207wb-54-12396,0,8,2017-03-20 10:17:26.305,OPEN_DOCUMENT,59,141,107,user_07,BKS-Y
701,clueweb12-0200tw-30-14033,0,9,2017-03-20 10:17:29.256,OPEN_DOCUMENT,59,141,107,user_07,BKS-Y
702,clueweb12-0201wb-85-34321,0,1,2017-03-20 10:18:16.181,OPEN_DOCUMENT,59,141,107,user_07,BKS-Y
703,,0,0,2017-03-20 10:19:09.815,QUERY_SUBMISSION,59,142,107,user_07,BKS-Y
704,clueweb12-0111wb-28-19971,0,0,2017-03-20 10:19:12.742,OPEN_DOCUMENT,59,142,107,user_07,BKS-Y
705,clueweb12-0104wb-86-27034,0,1,2017-03-20 10:19:14.037,OPEN_DOCUMENT,59,142,107,user_07,BKS-Y
706,clueweb12-0211wb-66-12614,0,2,2017-03-20 10:19:15.057,OPEN_DOCUMENT,59,142,107,user_07,BKS-Y
707,clueweb12-0004wb-81-36407,0,5,2017-03-20 10:20:35.77,OPEN_DOCUMENT,59,142,107,user_07,BKS-Y
708,clueweb12-0105wb-20-05476,0,3,2017-03-20 10:20:52.498,OPEN_DOCUMENT,59,142,107,user_07,BKS-Y
709,clueweb12-0006wb-54-20138,0,6,2017-03-20 10:21:17.66,OPEN_DOCUMENT,59,142,107,user_07,BKS-Y
710,clueweb12-0010wb-32-15997,0,7,2017-03-20 10:21:18.974,OPEN_DOCUMENT,59,142,107,user_07,BKS-Y
711,clueweb12-0200wb-13-23560,0,8,2017-03-20 10:21:20.458,OPEN_DOCUMENT,59,142,107,user_07,BKS-Y
712,clueweb12-0110wb-82-05578,0,9,2017-03-20 10:21:22.088,OPEN_DOCUMENT,59,142,107,user_07,BKS-Y
713,,1,,2017-03-20 11:25:49.951,SUSPEND_QUERYSESSION,59,,107,user_07,BKS-Y
715,,1,,2017-03-20 11:41:22.04,RESUME_QUERYSESSION,59,,107,user_07,BKS-Y
717,,1,,2017-03-20 12:04:19.461,SUSPEND_QUERYSESSION,59,,107,user_07,BKS-Y
718,,1,,2017-03-20 12:04:21.763,RESUME_QUERYSESSION,59,,107,user_07,BKS-Y
719,,1,,2017-03-20 12:11:45.669,SUSPEND_QUERYSESSION,59,,107,user_07,BKS-Y
720,,1,,2017-03-20 12:11:47.339,RESUME_QUERYSESSION,59,,107,user_07,BKS-Y
721,,1,,2017-03-20 12:18:52.918,SUSPEND_QUERYSESSION,59,,107,user_07,BKS-Y
722,,1,,2017-03-20 12:18:55.894,RESUME_QUERYSESSION,59,,107,user_07,BKS-Y
723,,1,,2017-03-20 12:24:08.185,SUSPEND_QUERYSESSION,59,,107,user_07,BKS-Y
724,,1,,2017-03-20 13:01:19.652,RESUME_QUERYSESSION,59,,107,user_07,BKS-Y
725,,1,,2017-03-20 13:32:07.042,RESUME_QUERYSESSION,59,,107,user_07,BKS-Y
726,,1,,2017-03-20 13:36:48.493,SUSPEND_QUERYSESSION,59,,107,user_07,BKS-Y
727,,1,,2017-03-21 09:46:42.872,RESUME_QUERYSESSION,59,,107,user_07,BKS-Y
728,,1,,2017-03-21 10:04:29.372,SUSPEND_QUERYSESSION,59,,107,user_07,BKS-Y
729,,1,,2017-03-21 10:04:31.202,RESUME_QUERYSESSION,59,,107,user_07,BKS-Y
730,,1,,2017-03-21 11:44:07.087,SUSPEND_QUERYSESSION,59,,107,user_07,BKS-Y
731,,1,,2017-03-21 11:44:09.637,RESUME_QUERYSESSION,59,,107,user_07,BKS-Y
732,,1,,2017-03-21 12:00:37.427,SUSPEND_QUERYSESSION,59,,107,user_07,BKS-Y
733,,1,,2017-03-21 12:00:44.658,RESUME_QUERYSESSION,59,,107,user_07,BKS-Y
734,,1,,2017-03-21 12:01:05.657,SUSPEND_QUERYSESSION,59,,107,user_07,BKS-Y
735,,1,,2017-03-21 12:08:01.045,RESUME_QUERYSESSION,59,,107,user_07,BKS-Y
736,,1,,2017-03-21 12:14:50.13,SUSPEND_QUERYSESSION,59,,107,user_07,BKS-Y
739,,1,,2017-03-21 12:27:55.789,RESUME_QUERYSESSION,59,,107,user_07,BKS-Y
740,,1,,2017-03-21 12:41:14.488,SUSPEND_QUERYSESSION,59,,107,user_07,BKS-Y
741,,1,,2017-03-21 13:38:33.734,RESUME_QUERYSESSION,59,,107,user_07,BKS-Y
742,,1,,2017-03-21 13:44:34.878,SUSPEND_QUERYSESSION,59,,107,user_07,BKS-Y
743,,1,,2017-03-21 13:49:14.742,RESUME_QUERYSESSION,59,,107,user_07,BKS-Y
744,,1,,2017-03-21 13:49:41.902,RESUME_QUERYSESSION,59,,107,user_07,BKS-Y
746,,1,,2017-03-21 20:12:49.028,RESUME_QUERYSESSION,59,,107,user_07,BKS-Y
747,,1,,2017-03-21 21:09:33.264,RESUME_QUERYSESSION,59,,107,user_07,BKS-Y
751,,1,,2017-03-21 21:22:34.193,RESUME_QUERYSESSION,59,,107,user_07,BKS-Y
752,,1,,2017-03-21 22:25:49.668,SUSPEND_QUERYSESSION,59,,107,user_07,BKS-Y
753,,1,,2017-03-21 22:27:38.101,SUSPEND_QUERYSESSION,59,,107,user_07,BKS-Y
801,,1,,2017-03-21 23:01:07.281,RESUME_QUERYSESSION,59,,107,user_07,BKS-Y
802,,1,,2017-03-21 23:32:17.997,RESUME_QUERYSESSION,59,,107,user_07,BKS-Y
803,,1,,2017-03-21 23:32:24.478,SUSPEND_QUERYSESSION,59,,107,user_07,BKS-Y
808,,1,,2017-03-21 23:34:38.731,RESUME_QUERYSESSION,59,,107,user_07,BKS-Y
809,,1,,2017-03-21 23:34:53.612,SUSPEND_QUERYSESSION,59,,107,user_07,BKS-Y
815,,1,,2017-03-21 23:36:07.939,RESUME_QUERYSESSION,59,,107,user_07,BKS-Y
816,,1,,2017-03-21 23:37:03.241,SUSPEND_QUERYSESSION,59,,107,user_07,BKS-Y
835,,1,,2017-03-21 23:47:07.124,SUSPEND_QUERYSESSION,59,,107,user_07,BKS-Y
836,,1,,2017-03-21 23:47:12.583,RESUME_QUERYSESSION,59,,107,user_07,BKS-Y
837,,1,,2017-03-21 23:47:18.967,SUSPEND_QUERYSESSION,59,,107,user_07,BKS-Y
840,,1,,2017-03-21 23:49:09.653,RESUME_QUERYSESSION,59,,107,user_07,BKS-Y
841,,1,,2017-03-21 23:53:40.935,SUSPEND_QUERYSESSION,59,,107,user_07,BKS-Y
842,,1,,2017-03-22 11:42:09.45,RESUME_QUERYSESSION,59,,107,user_07,BKS-Y
843,,1,,2017-03-22 12:09:56.186,SUSPEND_QUERYSESSION,59,,107,user_07,BKS-Y
844,,1,,2017-03-22 21:29:15.249,RESUME_QUERYSESSION,59,,107,user_07,BKS-Y
845,,1,,2017-03-22 22:47:58.843,RESUME_QUERYSESSION,59,,107,user_07,BKS-Y
846,,1,,2017-03-23 13:34:01.707,RESUME_QUERYSESSION,59,,107,user_07,BKS-Y
847,,1,,2017-03-23 13:34:46.778,SUSPEND_QUERYSESSION,59,,107,user_07,BKS-Y
849,,1,,2017-03-23 20:15:51.317,SUSPEND_QUERYSESSION,59,,107,user_07,BKS-Y
850,,1,,2017-03-23 20:16:00.547,RESUME_QUERYSESSION,59,,107,user_07,BKS-Y
851,,1,,2017-03-23 20:16:26.675,SUSPEND_QUERYSESSION,59,,107,user_07,BKS-Y
852,,1,,2017-03-23 21:26:43.599,RESUME_QUERYSESSION,59,,107,user_07,BKS-Y
853,,1,,2017-03-23 21:34:37.199,RESUME_QUERYSESSION,59,,107,user_07,BKS-Y
854,,1,,2017-03-23 22:27:32.303,RESUME_QUERYSESSION,59,,107,user_07,BKS-Y
855,,1,,2017-03-23 22:29:18.488,SUSPEND_QUERYSESSION,59,,107,user_07,BKS-Y
856,,1,,2017-03-23 22:32:23.83,RESUME_QUERYSESSION,59,,107,user_07,BKS-Y
857,,1,,2017-03-23 22:32:43.161,SUSPEND_QUERYSESSION,59,,107,user_07,BKS-Y
858,,1,,2017-03-24 08:27:45.5,RESUME_QUERYSESSION,59,,107,user_07,BKS-Y
859,,1,,2017-03-24 08:28:49.062,SUSPEND_QUERYSESSION,59,,107,user_07,BKS-Y
860,,1,,2017-03-24 08:30:51.585,RESUME_QUERYSESSION,59,,107,user_07,BKS-Y
861,,1,,2017-03-24 08:30:59.982,SUSPEND_QUERYSESSION,59,,107,user_07,BKS-Y
862,,1,,2017-03-24 08:52:23.752,RESUME_QUERYSESSION,59,,107,user_07,BKS-Y
863,,1,,2017-03-24 08:52:55.216,SUSPEND_QUERYSESSION,59,,107,user_07,BKS-Y
864,,1,,2017-03-24 08:52:59.87,RESUME_QUERYSESSION,59,,107,user_07,BKS-Y
865,,1,,2017-03-24 08:53:15.424,SUSPEND_QUERYSESSION,59,,107,user_07,BKS-Y
866,,1,,2017-03-24 08:53:20.508,RESUME_QUERYSESSION,59,,107,user_07,BKS-Y
867,,1,,2017-03-24 08:53:43.774,SUSPEND_QUERYSESSION,59,,107,user_07,BKS-Y
868,,1,,2017-03-24 09:10:28.85,RESUME_QUERYSESSION,59,,107,user_07,BKS-Y
869,,1,,2017-03-24 12:35:02.309,RESUME_QUERYSESSION,59,,107,user_07,BKS-Y
870,,1,,2017-03-24 12:57:08.092,RESUME_QUERYSESSION,59,,107,user_07,BKS-Y
871,,1,,2017-03-24 13:10:25.317,SUSPEND_QUERYSESSION,59,,107,user_07,BKS-Y
872,,1,,2017-03-25 08:25:36.496,RESUME_QUERYSESSION,59,,107,user_07,BKS-Y
873,,1,,2017-03-25 08:25:59.431,SUSPEND_QUERYSESSION,59,,107,user_07,BKS-Y
874,,1,,2017-03-25 08:44:07.366,RESUME_QUERYSESSION,59,,107,user_07,BKS-Y
875,,1,,2017-03-25 08:50:57.59,SUSPEND_QUERYSESSION,59,,107,user_07,BKS-Y
876,,1,,2017-03-25 08:50:59.691,RESUME_QUERYSESSION,59,,107,user_07,BKS-Y
877,,1,,2017-03-25 08:52:04.504,SUSPEND_QUERYSESSION,59,,107,user_07,BKS-Y
878,,1,,2017-03-25 08:52:17.662,RESUME_QUERYSESSION,59,,107,user_07,BKS-Y
879,,1,,2017-03-25 08:59:50.887,SUSPEND_QUERYSESSION,59,,107,user_07,BKS-Y
880,,0,0,2017-03-25 09:13:09.953,QUERY_SUBMISSION,60,167,154,user_08,BKS-Y
881,clueweb12-0107wb-28-02867,0,0,2017-03-25 09:13:46.778,OPEN_DOCUMENT,60,167,154,user_08,BKS-Y
882,clueweb12-0107wb-28-02867,0,0,2017-03-25 09:14:27.396,OPEN_DOCUMENT,60,167,154,user_08,BKS-Y
883,clueweb12-0107wb-28-02867,0,0,2017-03-25 09:15:21.707,OPEN_DOCUMENT,60,167,154,user_08,BKS-Y
884,,0,,2017-03-25 09:22:05.513,RESUME_QUERYSESSION,60,,154,user_08,BKS-Y
886,,0,,2017-03-25 09:22:09.926,SUSPEND_QUERYSESSION,60,,154,user_08,BKS-Y
898,,1,,2017-03-27 10:54:31.773,RESUME_QUERYSESSION,59,,107,user_07,BKS-Y
899,,1,,2017-03-27 10:54:49.078,SUSPEND_QUERYSESSION,59,,107,user_07,BKS-Y
900,,1,,2017-03-27 11:17:55.259,RESUME_QUERYSESSION,59,,107,user_07,BKS-Y
901,,1,,2017-03-27 11:20:10.469,SUSPEND_QUERYSESSION,59,,107,user_07,BKS-Y
902,,1,,2017-03-27 16:41:18.048,RESUME_QUERYSESSION,59,,107,user_07,BKS-Y
903,,3,,2017-03-27 17:15:56.88,SUSPEND_QUERYSESSION,59,,107,user_07,BKS-Y
904,,0,,2017-03-28 12:17:30.792,RESUME_QUERYSESSION,60,,154,user_08,BKS-Y
906,,0,,2017-03-28 12:19:05.722,SUSPEND_QUERYSESSION,60,,154,user_08,BKS-Y
911,,0,,2017-03-31 12:29:13.489,RESUME_QUERYSESSION,60,,154,user_08,BKS-Y
913,,0,,2017-03-31 12:29:38.121,SUSPEND_QUERYSESSION,60,,154,user_08,BKS-Y
914,,0,,2017-03-31 12:29:40.616,RESUME_QUERYSESSION,60,,156,user_08,TRVL-BT
915,,0,0,2017-03-31 12:29:41.04,QUERY_SUBMISSION,60,172,156,user_08,TRVL-BT
916,,0,,2017-03-31 12:29:45.693,SUSPEND_QUERYSESSION,60,,156,user_08,TRVL-BT
917,,0,,2017-03-31 12:29:50.817,SUSPEND_QUERYSESSION,60,,156,user_08,TRVL-BT
922,,0,,2017-04-11 13:38:01.936,RESUME_QUERYSESSION,60,,156,user_08,TRVL-BT
924,,0,,2017-04-11 13:38:12.817,SUSPEND_QUERYSESSION,60,,156,user_08,TRVL-BT
925,,0,,2017-04-11 13:38:30.899,RESUME_QUERYSESSION,60,,154,user_08,BKS-Y
927,,0,,2017-04-11 13:38:34.815,SUSPEND_QUERYSESSION,60,,154,user_08,BKS-Y
957,,0,0,2017-04-14 20:44:25.236,QUERY_SUBMISSION,54,181,161,user_02,MSC-A
958,,0,0,2017-04-14 20:46:28.833,QUERY_SUBMISSION,54,182,161,user_02,MSC-A
959,,0,0,2017-04-14 20:50:45.341,QUERY_SUBMISSION,54,183,161,user_02,MSC-A
960,,0,0,2017-04-14 20:51:33.424,QUERY_SUBMISSION,54,184,161,user_02,MSC-A
961,,0,0,2017-04-14 20:51:56.061,QUERY_SUBMISSION,54,185,161,user_02,MSC-A
962,,3,,2017-04-14 21:44:52.933,SUSPEND_QUERYSESSION,54,,161,user_02,MSC-A
963,,3,,2017-04-14 21:44:59.949,SUSPEND_QUERYSESSION,54,,161,user_02,MSC-A
964,,0,0,2017-04-21 14:53:19.173,QUERY_SUBMISSION,151,186,162,user_11,TRVL-BT
966,,0,,2017-04-25 15:02:25.01,RESUME_QUERYSESSION,153,,170,user_13,SPRT-YP
967,,0,0,2017-04-25 15:02:33.249,QUERY_SUBMISSION,153,187,170,user_13,SPRT-YP
968,,0,,2017-04-25 15:02:48.394,SUSPEND_QUERYSESSION,153,,170,user_13,SPRT-YP
969,,0,,2017-04-25 15:04:27.521,RESUME_QUERYSESSION,153,,172,user_13,SPRT-YP
970,,0,0,2017-04-25 15:04:50.612,QUERY_SUBMISSION,153,188,172,user_13,SPRT-YP
971,,0,,2017-04-25 15:05:03.635,RESUME_QUERYSESSION,153,,172,user_13,SPRT-YP
972,,0,0,2017-04-25 15:05:04.714,QUERY_SUBMISSION,153,188,172,user_13,SPRT-YP
973,,0,0,2017-04-25 15:08:18.584,QUERY_SUBMISSION,153,189,172,user_13,SPRT-YP
974,,0,,2017-04-25 15:09:05.326,SUSPEND_QUERYSESSION,153,,172,user_13,SPRT-YP
975,,0,0,2017-04-25 15:12:05.679,QUERY_SUBMISSION,153,190,172,user_13,SPRT-YP
976,,0,0,2017-04-25 15:12:29.836,QUERY_SUBMISSION,153,191,172,user_13,SPRT-YP
977,,0,0,2017-04-25 15:12:54.493,QUERY_SUBMISSION,153,192,172,user_13,SPRT-YP
978,,1,,2017-04-25 15:17:13.412,RESUME_QUERYSESSION,153,,172,user_13,SPRT-YP
979,,1,,2017-04-25 15:17:44.705,SUSPEND_QUERYSESSION,153,,172,user_13,SPRT-YP
980,,1,,2017-04-25 15:29:52.464,SUSPEND_QUERYSESSION,153,,172,user_13,SPRT-YP
981,,1,,2017-04-25 15:30:35.525,RESUME_QUERYSESSION,153,,172,user_13,SPRT-YP
982,,0,0,2017-04-26 15:46:18.444,QUERY_SUBMISSION,155,193,173,user_15,TRVL-BT
983,clueweb12-0011wb-70-24541,0,0,2017-04-26 15:46:25.368,OPEN_DOCUMENT,155,193,173,user_15,TRVL-BT
984,clueweb12-0209wb-11-18663,0,1,2017-04-26 15:46:58.582,OPEN_DOCUMENT,155,193,173,user_15,TRVL-BT
985,clueweb12-0012wb-81-01879,0,2,2017-04-26 15:47:17.513,OPEN_DOCUMENT,155,193,173,user_15,TRVL-BT
986,clueweb12-0110wb-24-31405,0,4,2017-04-26 15:47:24.436,OPEN_DOCUMENT,155,193,173,user_15,TRVL-BT
987,,0,0,2017-04-26 15:47:45.396,QUERY_SUBMISSION,155,194,173,user_15,TRVL-BT
988,clueweb12-0002wb-06-02576,0,0,2017-04-26 15:47:48.532,OPEN_DOCUMENT,155,194,173,user_15,TRVL-BT
989,clueweb12-0202wb-47-19914,0,1,2017-04-26 15:48:08.323,OPEN_DOCUMENT,155,194,173,user_15,TRVL-BT
1064,,1,,2017-04-28 08:28:24.701,RESUME_QUERYSESSION,156,,175,user_16,TRVL-BT
990,clueweb12-0002wb-74-26372,0,9,2017-04-26 15:48:26.775,OPEN_DOCUMENT,155,194,173,user_15,TRVL-BT
991,clueweb12-0002wb-74-26372,0,9,2017-04-26 15:48:32.611,CLOSE_DOCUMENT,155,194,173,user_15,TRVL-BT
992,,0,0,2017-04-26 15:48:33.745,QUERY_SUBMISSION,155,194,173,user_15,TRVL-BT
993,,0,0,2017-04-26 15:48:46.792,QUERY_SUBMISSION,155,195,173,user_15,TRVL-BT
994,clueweb12-0106wb-94-32267,0,0,2017-04-26 15:48:50.277,OPEN_DOCUMENT,155,195,173,user_15,TRVL-BT
995,clueweb12-0204wb-11-20560,0,1,2017-04-26 15:48:55.14,OPEN_DOCUMENT,155,195,173,user_15,TRVL-BT
996,clueweb12-0200wb-35-09341,0,2,2017-04-26 15:49:23.265,OPEN_DOCUMENT,155,195,173,user_15,TRVL-BT
997,,0,0,2017-04-26 15:49:50.812,QUERY_SUBMISSION,155,196,173,user_15,TRVL-BT
998,clueweb12-0106wb-34-29133,0,1,2017-04-26 15:50:03.994,OPEN_DOCUMENT,155,196,173,user_15,TRVL-BT
999,clueweb12-0212wb-15-13562,0,2,2017-04-26 15:50:17.449,OPEN_DOCUMENT,155,196,173,user_15,TRVL-BT
1000,,0,0,2017-04-26 15:50:46.724,QUERY_SUBMISSION,155,197,173,user_15,TRVL-BT
1001,clueweb12-0108wb-19-17150,0,0,2017-04-26 15:50:49.926,OPEN_DOCUMENT,155,197,173,user_15,TRVL-BT
1002,,0,0,2017-04-26 15:51:16.712,QUERY_SUBMISSION,155,198,173,user_15,TRVL-BT
1003,clueweb12-0003wb-45-26739,0,0,2017-04-26 15:51:21.526,OPEN_DOCUMENT,155,198,173,user_15,TRVL-BT
1004,,0,0,2017-04-26 15:51:47.896,QUERY_SUBMISSION,155,199,173,user_15,TRVL-BT
1005,clueweb12-0110wb-01-24008,0,0,2017-04-26 15:51:56.556,OPEN_DOCUMENT,155,199,173,user_15,TRVL-BT
1006,,0,0,2017-04-26 15:52:22.219,QUERY_SUBMISSION,155,200,173,user_15,TRVL-BT
1007,clueweb12-0202wb-31-01443,0,2,2017-04-26 15:52:31.502,OPEN_DOCUMENT,155,200,173,user_15,TRVL-BT
1008,clueweb12-0201wb-69-19045,0,3,2017-04-26 15:52:35.32,OPEN_DOCUMENT,155,200,173,user_15,TRVL-BT
1009,,0,0,2017-04-26 15:52:47.998,QUERY_SUBMISSION,155,201,173,user_15,TRVL-BT
1010,,0,0,2017-04-26 15:52:56.387,QUERY_SUBMISSION,155,202,173,user_15,TRVL-BT
1011,,0,0,2017-04-26 15:53:06.718,QUERY_SUBMISSION,155,203,173,user_15,TRVL-BT
1012,clueweb12-0012wb-40-24252,0,0,2017-04-26 15:53:10.854,OPEN_DOCUMENT,155,203,173,user_15,TRVL-BT
1013,,0,0,2017-04-26 15:53:27.076,QUERY_SUBMISSION,155,204,173,user_15,TRVL-BT
1014,,0,0,2017-04-26 15:55:15.762,QUERY_SUBMISSION,155,205,173,user_15,TRVL-BT
1015,,0,0,2017-04-26 15:55:24.401,QUERY_SUBMISSION,155,206,173,user_15,TRVL-BT
1016,,0,0,2017-04-26 15:55:33.842,QUERY_SUBMISSION,155,207,173,user_15,TRVL-BT
1017,,0,0,2017-04-26 15:55:50.654,QUERY_SUBMISSION,155,208,173,user_15,TRVL-BT
1018,clueweb12-0203wb-36-19867,0,0,2017-04-26 15:55:53.995,OPEN_DOCUMENT,155,208,173,user_15,TRVL-BT
1019,clueweb12-0003wb-06-00490,0,1,2017-04-26 15:56:06.129,OPEN_DOCUMENT,155,208,173,user_15,TRVL-BT
1020,,3,,2017-04-26 18:28:54.083,SUSPEND_QUERYSESSION,153,,172,user_13,SPRT-YP
1021,,1,,2017-04-26 22:50:48.598,RESUME_QUERYSESSION,155,,173,user_15,TRVL-BT
1022,,1,,2017-04-26 22:54:55.132,SUSPEND_QUERYSESSION,155,,173,user_15,TRVL-BT
1023,,1,,2017-04-26 22:54:56.918,RESUME_QUERYSESSION,155,,173,user_15,TRVL-BT
1024,,0,0,2017-04-27 07:45:52.115,QUERY_SUBMISSION,156,209,174,user_16,TRVL-BT
1025,clueweb12-0101wb-72-11666,0,1,2017-04-27 07:48:53.685,OPEN_DOCUMENT,156,209,174,user_16,TRVL-BT
1026,clueweb12-0111wb-68-30374,0,0,2017-04-27 07:48:56.365,OPEN_DOCUMENT,156,209,174,user_16,TRVL-BT
1027,,1,,2017-04-27 07:52:24.596,SUSPEND_QUERYSESSION,156,,174,user_16,TRVL-BT
1028,,1,,2017-04-27 07:53:55.486,SUSPEND_QUERYSESSION,156,,174,user_16,TRVL-BT
1029,,1,,2017-04-27 08:10:05.613,RESUME_QUERYSESSION,156,,174,user_16,TRVL-BT
1030,,1,,2017-04-27 08:10:42.296,SUSPEND_QUERYSESSION,156,,174,user_16,TRVL-BT
1031,,1,,2017-04-27 08:11:58.48,RESUME_QUERYSESSION,156,,174,user_16,TRVL-BT
1032,,1,,2017-04-27 08:11:58.662,RESUME_QUERYSESSION,156,,174,user_16,TRVL-BT
1033,,1,,2017-04-27 08:14:31.335,SUSPEND_QUERYSESSION,156,,174,user_16,TRVL-BT
1034,,0,0,2017-04-27 08:15:37.821,QUERY_SUBMISSION,156,210,175,user_16,TRVL-BT
1035,,0,0,2017-04-27 08:16:10.539,QUERY_SUBMISSION,156,211,175,user_16,TRVL-BT
1036,,0,0,2017-04-27 08:16:36.991,QUERY_SUBMISSION,156,212,175,user_16,TRVL-BT
1037,,0,0,2017-04-27 08:17:35.116,QUERY_SUBMISSION,156,213,175,user_16,TRVL-BT
1038,,0,0,2017-04-27 08:17:54.95,QUERY_SUBMISSION,156,214,175,user_16,TRVL-BT
1039,,0,0,2017-04-27 08:18:07.162,QUERY_SUBMISSION,156,215,175,user_16,TRVL-BT
1041,,1,,2017-04-27 08:21:16.617,RESUME_QUERYSESSION,156,,174,user_16,TRVL-BT
1042,,1,,2017-04-27 08:21:21.291,RESUME_QUERYSESSION,156,,175,user_16,TRVL-BT
1043,,1,,2017-04-27 08:22:06.711,SUSPEND_QUERYSESSION,156,,175,user_16,TRVL-BT
1044,,0,0,2017-04-27 09:29:30.555,QUERY_SUBMISSION,157,216,176,user_17,BKS-Y
1045,,0,0,2017-04-27 09:33:34.341,QUERY_SUBMISSION,157,217,176,user_17,BKS-Y
1046,,0,0,2017-04-27 09:36:12.986,QUERY_SUBMISSION,157,218,176,user_17,BKS-Y
1047,,0,0,2017-04-27 09:36:46.162,QUERY_SUBMISSION,157,219,176,user_17,BKS-Y
1048,clueweb12-0001wb-37-08432,0,0,2017-04-27 09:37:06.071,OPEN_DOCUMENT,157,219,176,user_17,BKS-Y
1049,,0,0,2017-04-27 09:37:26.485,QUERY_SUBMISSION,157,220,176,user_17,BKS-Y
1050,clueweb12-0207wb-73-13784,0,0,2017-04-27 09:37:34.499,OPEN_DOCUMENT,157,220,176,user_17,BKS-Y
1051,,0,0,2017-04-27 09:38:20.025,QUERY_SUBMISSION,157,221,176,user_17,BKS-Y
1052,clueweb12-0206wb-20-28946,0,4,2017-04-27 09:39:10.95,OPEN_DOCUMENT,157,221,176,user_17,BKS-Y
1053,clueweb12-0107wb-34-26466,0,1,2017-04-27 09:39:19.386,OPEN_DOCUMENT,157,221,176,user_17,BKS-Y
1054,,0,0,2017-04-27 09:39:59.796,QUERY_SUBMISSION,157,222,176,user_17,BKS-Y
1055,,1,,2017-04-27 09:52:22.657,SUSPEND_QUERYSESSION,157,,176,user_17,BKS-Y
1056,,1,,2017-04-27 11:09:43.386,RESUME_QUERYSESSION,156,,175,user_16,TRVL-BT
1057,,1,,2017-04-27 11:10:08.122,RESUME_QUERYSESSION,157,,176,user_17,BKS-Y
1058,,1,,2017-04-27 11:10:27.271,SUSPEND_QUERYSESSION,157,,176,user_17,BKS-Y
1059,,1,,2017-04-27 11:29:25.821,RESUME_QUERYSESSION,155,,173,user_15,TRVL-BT
1060,,1,,2017-04-27 11:30:14.682,SUSPEND_QUERYSESSION,155,,173,user_15,TRVL-BT
1061,,1,,2017-04-27 12:18:31.469,RESUME_QUERYSESSION,157,,176,user_17,BKS-Y
1062,,1,,2017-04-28 08:24:29.686,RESUME_QUERYSESSION,156,,175,user_16,TRVL-BT
1063,,1,,2017-04-28 08:28:14.085,SUSPEND_QUERYSESSION,156,,175,user_16,TRVL-BT
1065,,1,,2017-04-28 08:30:37.031,SUSPEND_QUERYSESSION,156,,175,user_16,TRVL-BT
1066,,1,,2017-04-28 08:30:40.735,RESUME_QUERYSESSION,156,,175,user_16,TRVL-BT
1067,,1,,2017-04-28 08:32:23.786,SUSPEND_QUERYSESSION,156,,175,user_16,TRVL-BT
1068,,1,,2017-04-28 08:32:26.527,RESUME_QUERYSESSION,156,,175,user_16,TRVL-BT
1069,,1,,2017-04-28 08:33:45.12,SUSPEND_QUERYSESSION,156,,175,user_16,TRVL-BT
1070,,1,,2017-04-28 08:33:47.476,RESUME_QUERYSESSION,156,,175,user_16,TRVL-BT
1071,,1,,2017-04-28 08:34:52.546,SUSPEND_QUERYSESSION,156,,175,user_16,TRVL-BT
1072,,1,,2017-04-28 08:34:54.806,RESUME_QUERYSESSION,156,,175,user_16,TRVL-BT
1073,,1,,2017-04-28 08:36:13.305,SUSPEND_QUERYSESSION,156,,175,user_16,TRVL-BT
1074,,1,,2017-04-28 08:36:15.991,RESUME_QUERYSESSION,156,,175,user_16,TRVL-BT
1075,,3,,2017-04-28 08:40:43.856,SUSPEND_QUERYSESSION,156,,175,user_16,TRVL-BT
1076,,1,,2017-04-28 10:39:24.094,RESUME_QUERYSESSION,156,,174,user_16,TRVL-BT
1077,,1,,2017-04-28 10:43:11.251,RESUME_QUERYSESSION,155,,173,user_15,TRVL-BT
1078,,1,,2017-04-28 10:43:34.347,SUSPEND_QUERYSESSION,155,,173,user_15,TRVL-BT
1079,,1,,2017-04-28 10:43:51.81,RESUME_QUERYSESSION,157,,176,user_17,BKS-Y
1080,,1,,2017-04-28 10:44:10.101,SUSPEND_QUERYSESSION,157,,176,user_17,BKS-Y
1081,,0,,2017-04-28 10:45:10.946,RESUME_QUERYSESSION,151,,162,user_11,TRVL-BT
1083,,0,,2017-04-28 10:45:17.594,SUSPEND_QUERYSESSION,151,,162,user_11,TRVL-BT
1084,,1,,2017-04-28 17:19:50.721,RESUME_QUERYSESSION,155,,173,user_15,TRVL-BT
1085,,1,,2017-04-29 10:34:14.62,RESUME_QUERYSESSION,155,,173,user_15,TRVL-BT
1086,,1,,2017-04-29 10:35:08.579,SUSPEND_QUERYSESSION,155,,173,user_15,TRVL-BT
1087,,1,,2017-04-29 10:35:20.588,RESUME_QUERYSESSION,157,,176,user_17,BKS-Y
1088,,1,,2017-04-29 10:35:50.931,SUSPEND_QUERYSESSION,157,,176,user_17,BKS-Y
1089,,1,,2017-04-29 16:58:54.279,RESUME_QUERYSESSION,157,,176,user_17,BKS-Y
1090,,1,,2017-04-29 16:59:05.447,SUSPEND_QUERYSESSION,157,,176,user_17,BKS-Y
1091,,1,,2017-04-29 17:09:38.227,RESUME_QUERYSESSION,155,,173,user_15,TRVL-BT
1092,,1,,2017-04-29 23:16:36.614,RESUME_QUERYSESSION,155,,173,user_15,TRVL-BT
1093,,1,,2017-04-30 08:22:17.048,RESUME_QUERYSESSION,157,,176,user_17,BKS-Y
1094,,1,,2017-04-30 09:59:27.664,RESUME_QUERYSESSION,157,,176,user_17,BKS-Y
1095,,1,,2017-04-30 10:00:20.192,SUSPEND_QUERYSESSION,157,,176,user_17,BKS-Y
1096,,1,,2017-04-30 10:00:27.292,RESUME_QUERYSESSION,155,,173,user_15,TRVL-BT
1097,,1,,2017-04-30 11:15:29.189,SUSPEND_QUERYSESSION,155,,173,user_15,TRVL-BT
1098,,1,,2017-04-30 19:03:58.922,RESUME_QUERYSESSION,155,,173,user_15,TRVL-BT
1101,,1,,2017-04-30 20:31:08.607,RESUME_QUERYSESSION,155,,173,user_15,TRVL-BT
1151,,1,,2017-04-30 20:41:33.359,RESUME_QUERYSESSION,155,,173,user_15,TRVL-BT
1201,,1,,2017-04-30 20:44:27.548,RESUME_QUERYSESSION,155,,173,user_15,TRVL-BT
1202,,1,,2017-04-30 23:57:13.1,RESUME_QUERYSESSION,155,,173,user_15,TRVL-BT
1203,,1,,2017-04-30 23:57:42.805,SUSPEND_QUERYSESSION,155,,173,user_15,TRVL-BT
1204,,1,,2017-05-02 08:27:27.196,RESUME_QUERYSESSION,155,,173,user_15,TRVL-BT
1205,,1,,2017-05-02 08:27:47.995,SUSPEND_QUERYSESSION,155,,173,user_15,TRVL-BT
1206,,1,,2017-05-02 08:27:55.598,RESUME_QUERYSESSION,157,,176,user_17,BKS-Y
1207,,1,,2017-05-02 08:28:21.81,SUSPEND_QUERYSESSION,157,,176,user_17,BKS-Y
1208,,1,,2017-05-02 08:28:33.614,RESUME_QUERYSESSION,156,,174,user_16,TRVL-BT
1209,,1,,2017-05-02 08:28:44.754,SUSPEND_QUERYSESSION,156,,174,user_16,TRVL-BT
1210,,0,,2017-05-02 08:29:33.538,RESUME_QUERYSESSION,151,,162,user_11,TRVL-BT
1212,,0,,2017-05-02 08:29:43.788,SUSPEND_QUERYSESSION,151,,162,user_11,TRVL-BT
1213,,0,,2017-05-02 11:40:58.446,RESUME_QUERYSESSION,60,,156,user_08,TRVL-BT
1215,,0,,2017-05-02 11:41:05.042,RESUME_QUERYSESSION,60,,154,user_08,BKS-Y
1217,,0,,2017-05-02 12:30:10.561,RESUME_QUERYSESSION,60,,156,user_08,TRVL-BT
1219,,0,,2017-05-02 12:30:34.319,SUSPEND_QUERYSESSION,60,,156,user_08,TRVL-BT
1220,,0,,2017-05-02 12:30:43.408,RESUME_QUERYSESSION,60,,154,user_08,BKS-Y
1222,,0,,2017-05-02 12:30:49.502,SUSPEND_QUERYSESSION,60,,154,user_08,BKS-Y
1223,,0,,2017-05-02 12:30:58.4,RESUME_QUERYSESSION,60,,156,user_08,TRVL-BT
1225,,0,0,2017-05-02 12:35:23.541,QUERY_SUBMISSION,60,251,156,user_08,TRVL-BT
1226,,1,,2017-05-02 12:35:52.664,SUSPEND_QUERYSESSION,60,,156,user_08,TRVL-BT
1227,,1,,2017-05-02 15:07:01.392,SUSPEND_QUERYSESSION,60,,156,user_08,TRVL-BT
1228,,1,,2017-05-02 16:53:25.655,RESUME_QUERYSESSION,155,,173,user_15,TRVL-BT
1229,,1,,2017-05-02 16:53:33.445,SUSPEND_QUERYSESSION,155,,173,user_15,TRVL-BT
1230,,1,,2017-05-03 06:35:48.748,RESUME_QUERYSESSION,157,,176,user_17,BKS-Y
1231,,3,,2017-05-03 08:23:36.884,SUSPEND_QUERYSESSION,157,,176,user_17,BKS-Y
1232,,3,,2017-05-03 08:23:44.288,SUSPEND_QUERYSESSION,157,,176,user_17,BKS-Y
1233,,0,,2017-05-03 08:28:09.375,RESUME_QUERYSESSION,152,,201,user_12,TRVL-BT
1234,,0,,2017-05-03 08:28:15.352,SUSPEND_QUERYSESSION,152,,201,user_12,TRVL-BT
1235,,0,,2017-05-03 08:28:18.381,RESUME_QUERYSESSION,152,,202,user_12,SPRT-YP
1236,,0,,2017-05-03 08:28:22.383,SUSPEND_QUERYSESSION,152,,202,user_12,SPRT-YP
1237,,0,,2017-05-03 08:28:55.031,RESUME_QUERYSESSION,152,,202,user_12,SPRT-YP
1238,,0,0,2017-05-03 08:29:17.749,QUERY_SUBMISSION,152,252,202,user_12,SPRT-YP
1239,,0,,2017-05-03 08:29:22.161,SUSPEND_QUERYSESSION,152,,202,user_12,SPRT-YP
1240,,0,,2017-05-03 08:29:25.671,SUSPEND_QUERYSESSION,152,,202,user_12,SPRT-YP
1241,,1,,2017-05-03 09:47:23.869,RESUME_QUERYSESSION,155,,173,user_15,TRVL-BT
1242,,1,,2017-05-03 09:47:30.763,SUSPEND_QUERYSESSION,155,,173,user_15,TRVL-BT
1243,,0,,2017-05-03 12:52:29.346,RESUME_QUERYSESSION,151,,162,user_11,TRVL-BT
1245,clueweb12-0004wb-73-16440,0,0,2017-05-03 12:52:52.407,OPEN_DOCUMENT,151,186,162,user_11,TRVL-BT
1246,clueweb12-0011wb-89-22071,0,3,2017-05-03 12:57:42.911,OPEN_DOCUMENT,151,186,162,user_11,TRVL-BT
1247,,0,0,2017-05-03 12:59:01.148,QUERY_SUBMISSION,151,253,162,user_11,TRVL-BT
1248,,0,0,2017-05-03 12:59:02.881,QUERY_SUBMISSION,151,253,162,user_11,TRVL-BT
1249,clueweb12-0103wb-36-09350,0,0,2017-05-03 12:59:09.402,OPEN_DOCUMENT,151,253,162,user_11,TRVL-BT
1250,clueweb12-0013wb-61-00433,0,2,2017-05-03 12:59:14.64,OPEN_DOCUMENT,151,253,162,user_11,TRVL-BT
1251,clueweb12-0013wb-61-00433,0,,2017-05-03 12:59:45.135,BOOKMARK,151,253,162,user_11,TRVL-BT
1252,,0,0,2017-05-03 13:03:18.255,QUERY_SUBMISSION,151,254,162,user_11,TRVL-BT
1253,clueweb12-0103wb-36-09350,0,1,2017-05-03 13:03:29.005,OPEN_DOCUMENT,151,254,162,user_11,TRVL-BT
1254,clueweb12-0103wb-36-09350,0,1,2017-05-03 13:05:20.564,OPEN_DOCUMENT,151,254,162,user_11,TRVL-BT
1255,clueweb12-0201wb-38-28819,0,3,2017-05-03 13:05:38.805,OPEN_DOCUMENT,151,254,162,user_11,TRVL-BT
1256,clueweb12-0110wb-55-13169,0,2,2017-05-03 13:05:41.373,OPEN_DOCUMENT,151,254,162,user_11,TRVL-BT
1258,clueweb12-0110wb-39-21587,0,11,2017-05-03 13:06:09.397,OPEN_DOCUMENT,151,254,162,user_11,TRVL-BT
1259,clueweb12-0110wb-54-15155,0,13,2017-05-03 13:06:19.533,OPEN_DOCUMENT,151,254,162,user_11,TRVL-BT
1260,clueweb12-0205wb-89-17632,0,14,2017-05-03 13:06:22.959,OPEN_DOCUMENT,151,254,162,user_11,TRVL-BT
1261,clueweb12-0201wb-38-28819,0,,2017-05-03 13:07:48.619,BOOKMARK,151,254,162,user_11,TRVL-BT
1262,clueweb12-0110wb-55-13169,0,2,2017-05-03 13:08:08.762,CLOSE_DOCUMENT,151,254,162,user_11,TRVL-BT
1263,,0,0,2017-05-03 13:08:10.356,QUERY_SUBMISSION,151,254,162,user_11,TRVL-BT
1264,clueweb12-0110wb-39-21587,0,,2017-05-03 13:09:21.16,BOOKMARK,151,254,162,user_11,TRVL-BT
1265,,0,0,2017-05-03 13:11:21.813,QUERY_SUBMISSION,151,255,162,user_11,TRVL-BT
1266,clueweb12-0008wb-77-09156,0,0,2017-05-03 13:11:29.03,OPEN_DOCUMENT,151,255,162,user_11,TRVL-BT
1267,clueweb12-0008wb-77-09156,0,,2017-05-03 13:11:42.243,BOOKMARK,151,255,162,user_11,TRVL-BT
1268,,0,0,2017-05-03 13:12:03.481,QUERY_SUBMISSION,151,256,162,user_11,TRVL-BT
1269,clueweb12-0012wb-68-02701,0,5,2017-05-03 13:12:21.134,OPEN_DOCUMENT,151,256,162,user_11,TRVL-BT
1270,clueweb12-0012wb-68-02701,0,,2017-05-03 13:12:27.599,BOOKMARK,151,256,162,user_11,TRVL-BT
1271,,0,0,2017-05-03 13:13:38.138,QUERY_SUBMISSION,151,257,162,user_11,TRVL-BT
1273,clueweb12-0002wb-85-14572,0,5,2017-05-03 13:14:17.881,OPEN_DOCUMENT,151,257,162,user_11,TRVL-BT
1274,,0,0,2017-05-03 13:14:54.951,QUERY_SUBMISSION,151,258,162,user_11,TRVL-BT
1275,clueweb12-0205wb-50-05899,0,0,2017-05-03 13:15:02.786,OPEN_DOCUMENT,151,258,162,user_11,TRVL-BT
1276,clueweb12-0200wb-81-07663,0,2,2017-05-03 13:23:33.982,OPEN_DOCUMENT,151,258,162,user_11,TRVL-BT
1277,clueweb12-0112wb-60-18312,0,9,2017-05-03 13:24:46.992,OPEN_DOCUMENT,151,258,162,user_11,TRVL-BT
1278,,0,0,2017-05-03 13:25:58.371,QUERY_SUBMISSION,151,259,162,user_11,TRVL-BT
1279,,0,0,2017-05-03 13:26:38.939,QUERY_SUBMISSION,151,260,162,user_11,TRVL-BT
1280,clueweb12-0212wb-13-22300,0,2,2017-05-03 13:26:54.291,OPEN_DOCUMENT,151,260,162,user_11,TRVL-BT
1281,clueweb12-0212wb-31-05351,0,0,2017-05-03 13:27:15.017,OPEN_DOCUMENT,151,260,162,user_11,TRVL-BT
1282,clueweb12-0212wb-13-22300,0,,2017-05-03 13:29:10.235,BOOKMARK,151,260,162,user_11,TRVL-BT
1283,clueweb12-0212wb-31-05351,0,,2017-05-03 13:29:42.728,BOOKMARK,151,260,162,user_11,TRVL-BT
1284,,1,,2017-05-03 14:07:00.629,SUSPEND_QUERYSESSION,151,,162,user_11,TRVL-BT
1285,,1,,2017-05-03 14:07:05.622,RESUME_QUERYSESSION,151,,162,user_11,TRVL-BT
1286,,1,,2017-05-03 14:19:13.354,SUSPEND_QUERYSESSION,151,,162,user_11,TRVL-BT
1287,,1,,2017-05-03 14:19:16.413,RESUME_QUERYSESSION,151,,162,user_11,TRVL-BT
1288,,1,,2017-05-03 14:19:21.051,RESUME_QUERYSESSION,151,,162,user_11,TRVL-BT
1289,,1,,2017-05-04 10:50:20.403,RESUME_QUERYSESSION,151,,162,user_11,TRVL-BT
1290,,1,,2017-05-04 10:50:46.277,SUSPEND_QUERYSESSION,151,,162,user_11,TRVL-BT
1291,,1,,2017-05-04 10:51:00.638,RESUME_QUERYSESSION,155,,173,user_15,TRVL-BT
1292,,1,,2017-05-04 10:55:20.145,SUSPEND_QUERYSESSION,155,,173,user_15,TRVL-BT
1293,,0,,2017-05-04 10:55:42.53,RESUME_QUERYSESSION,152,,202,user_12,SPRT-YP
1294,,0,0,2017-05-04 10:55:42.792,QUERY_SUBMISSION,152,252,202,user_12,SPRT-YP
1295,,0,,2017-05-04 10:55:45.977,SUSPEND_QUERYSESSION,152,,202,user_12,SPRT-YP
1296,,0,,2017-05-04 10:55:49.75,RESUME_QUERYSESSION,152,,201,user_12,TRVL-BT
1297,,0,,2017-05-04 10:55:53.567,SUSPEND_QUERYSESSION,152,,201,user_12,TRVL-BT
1298,,0,,2017-05-04 10:55:58.145,SUSPEND_QUERYSESSION,152,,201,user_12,TRVL-BT
1299,,0,0,2017-05-04 15:55:34.414,QUERY_SUBMISSION,158,261,203,user_18,TRVL-BT
1300,clueweb12-0002wb-35-25966,0,1,2017-05-04 15:56:02.772,OPEN_DOCUMENT,158,261,203,user_18,TRVL-BT
1301,clueweb12-0208wb-23-16294,0,2,2017-05-04 15:56:15.457,OPEN_DOCUMENT,158,261,203,user_18,TRVL-BT
1302,clueweb12-0208wb-23-16294,0,2,2017-05-04 15:57:23.041,CLOSE_DOCUMENT,158,261,203,user_18,TRVL-BT
1304,clueweb12-0010wb-07-30111,0,0,2017-05-04 15:57:33.836,OPEN_DOCUMENT,158,261,203,user_18,TRVL-BT
1305,,0,0,2017-05-04 15:57:44.99,QUERY_SUBMISSION,158,261,203,user_18,TRVL-BT
1306,,1,,2017-05-04 16:05:44.36,SUSPEND_QUERYSESSION,158,,203,user_18,TRVL-BT
1307,,0,,2017-05-04 19:48:00.078,RESUME_QUERYSESSION,152,,201,user_12,TRVL-BT
1308,,0,0,2017-05-04 19:53:33.926,QUERY_SUBMISSION,152,262,201,user_12,TRVL-BT
1309,clueweb12-0110wb-46-10007,0,3,2017-05-04 19:54:40.699,OPEN_DOCUMENT,152,262,201,user_12,TRVL-BT
1310,clueweb12-0110wb-46-10007,0,3,2017-05-04 19:57:32.423,OPEN_DOCUMENT,152,262,201,user_12,TRVL-BT
1311,clueweb12-0110wb-46-10007,0,3,2017-05-04 19:57:42.296,CLOSE_DOCUMENT,152,262,201,user_12,TRVL-BT
1313,clueweb12-0103wb-06-05099,0,0,2017-05-04 19:58:25.539,OPEN_DOCUMENT,152,262,201,user_12,TRVL-BT
1315,clueweb12-0202wb-30-30268,0,10,2017-05-04 19:58:57.222,OPEN_DOCUMENT,152,262,201,user_12,TRVL-BT
1316,,1,,2017-05-05 00:52:22.276,RESUME_QUERYSESSION,155,,173,user_15,TRVL-BT
1317,,3,,2017-05-05 01:06:48.437,SUSPEND_QUERYSESSION,155,,173,user_15,TRVL-BT
1318,,3,,2017-05-05 11:03:15.304,SUSPEND_QUERYSESSION,151,,162,user_11,TRVL-BT
1319,,1,,2017-05-05 12:18:03.205,RESUME_QUERYSESSION,158,,203,user_18,TRVL-BT
1320,,1,,2017-05-05 12:18:15.069,SUSPEND_QUERYSESSION,158,,203,user_18,TRVL-BT
1321,,0,,2017-05-05 17:21:01.673,RESUME_QUERYSESSION,152,,201,user_12,TRVL-BT
1323,,0,0,2017-05-05 17:22:18.376,QUERY_SUBMISSION,152,263,201,user_12,TRVL-BT
1324,,0,0,2017-05-05 17:24:00.976,QUERY_SUBMISSION,152,264,201,user_12,TRVL-BT
1325,,0,0,2017-05-05 17:24:35.375,QUERY_SUBMISSION,152,265,201,user_12,TRVL-BT
1326,,0,0,2017-05-05 17:36:00.687,QUERY_SUBMISSION,152,266,201,user_12,TRVL-BT
1327,,1,,2017-05-05 21:55:23.318,SUSPEND_QUERYSESSION,152,,201,user_12,TRVL-BT
1328,,1,,2017-05-05 21:55:42.698,RESUME_QUERYSESSION,152,,201,user_12,TRVL-BT
1329,,3,,2017-05-05 23:46:04.877,SUSPEND_QUERYSESSION,152,,201,user_12,TRVL-BT
1330,,3,,2017-05-05 23:46:12.903,SUSPEND_QUERYSESSION,152,,201,user_12,TRVL-BT
1331,,3,,2017-05-05 23:46:20.164,SUSPEND_QUERYSESSION,152,,201,user_12,TRVL-BT
1332,,0,,2017-05-08 11:43:14.061,RESUME_QUERYSESSION,152,,202,user_12,SPRT-YP
1334,,0,,2017-05-08 11:43:19.022,SUSPEND_QUERYSESSION,152,,202,user_12,SPRT-YP
1335,,1,,2017-05-08 11:43:54.975,RESUME_QUERYSESSION,158,,203,user_18,TRVL-BT
1336,,1,,2017-05-08 11:43:58.819,SUSPEND_QUERYSESSION,158,,203,user_18,TRVL-BT
1337,,1,,2017-05-09 11:40:21.517,RESUME_QUERYSESSION,158,,203,user_18,TRVL-BT
1338,,1,,2017-05-09 11:44:24.247,SUSPEND_QUERYSESSION,158,,203,user_18,TRVL-BT
1339,,1,,2017-05-09 11:44:36.105,RESUME_QUERYSESSION,158,,203,user_18,TRVL-BT
1340,,1,,2017-05-09 11:45:16.691,RESUME_QUERYSESSION,158,,203,user_18,TRVL-BT
1341,,1,,2017-05-09 11:49:42.983,SUSPEND_QUERYSESSION,158,,203,user_18,TRVL-BT
1342,,1,,2017-05-09 11:49:46.515,RESUME_QUERYSESSION,158,,203,user_18,TRVL-BT
1343,,3,,2017-05-09 11:52:19.204,SUSPEND_QUERYSESSION,158,,203,user_18,TRVL-BT
1348,,3,,2017-05-09 12:49:59.477,SUSPEND_QUERYSESSION,158,,204,user_18,BKS-Y
1349,,3,,2017-05-09 14:35:54.684,SUSPEND_QUERYSESSION,158,,204,user_18,BKS-Y
1350,,0,0,2017-05-12 14:12:28.707,QUERY_SUBMISSION,59,268,205,user_07,TRVL-BT
1351,clueweb12-0200wb-14-27376,0,0,2017-05-12 14:12:33.618,OPEN_DOCUMENT,59,268,205,user_07,TRVL-BT
1352,clueweb12-0204wb-73-21317,0,1,2017-05-12 14:12:35.565,OPEN_DOCUMENT,59,268,205,user_07,TRVL-BT
1353,clueweb12-0101wb-83-24492,0,2,2017-05-12 14:12:38.534,OPEN_DOCUMENT,59,268,205,user_07,TRVL-BT
1354,,0,0,2017-05-12 14:13:58.584,QUERY_SUBMISSION,59,269,205,user_07,TRVL-BT
1355,,0,0,2017-05-12 14:15:34.866,QUERY_SUBMISSION,59,270,205,user_07,TRVL-BT
1356,,0,0,2017-05-12 14:17:25.493,QUERY_SUBMISSION,59,271,205,user_07,TRVL-BT
1357,,0,0,2017-05-12 14:17:43.627,QUERY_SUBMISSION,59,272,205,user_07,TRVL-BT
1358,,3,,2017-05-12 15:26:57.77,SUSPEND_QUERYSESSION,59,,205,user_07,TRVL-BT
1359,,3,,2017-05-12 15:27:02.01,SUSPEND_QUERYSESSION,59,,205,user_07,TRVL-BT
1360,,1,,2017-05-16 19:08:59.468,RESUME_QUERYSESSION,60,,156,user_08,TRVL-BT
1361,,1,,2017-05-16 19:09:05.927,SUSPEND_QUERYSESSION,60,,156,user_08,TRVL-BT
1362,,0,,2017-05-16 19:09:09.416,RESUME_QUERYSESSION,60,,154,user_08,BKS-Y
1364,,0,0,2017-05-16 19:09:25.133,QUERY_SUBMISSION,60,273,154,user_08,BKS-Y
1365,,0,0,2017-05-16 19:10:13.789,QUERY_SUBMISSION,60,274,154,user_08,BKS-Y
1366,,0,0,2017-05-16 19:10:26.103,QUERY_SUBMISSION,60,275,154,user_08,BKS-Y
1367,,0,0,2017-05-16 19:10:54.139,QUERY_SUBMISSION,60,276,154,user_08,BKS-Y
1368,,1,,2017-05-16 19:22:05.331,SUSPEND_QUERYSESSION,60,,154,user_08,BKS-Y
1369,,1,,2017-05-16 19:22:23.369,RESUME_QUERYSESSION,60,,154,user_08,BKS-Y
1370,,2,,2017-05-16 19:24:43.907,SUSPEND_QUERYSESSION,60,,154,user_08,BKS-Y
1371,,2,,2017-05-16 19:24:54.42,RESUME_QUERYSESSION,60,,154,user_08,BKS-Y
1372,,2,,2017-05-16 19:24:56.587,SUSPEND_QUERYSESSION,60,,154,user_08,BKS-Y
1373,,2,,2017-05-17 12:43:05.167,RESUME_QUERYSESSION,60,,154,user_08,BKS-Y
1374,,3,,2017-05-17 12:50:55.143,SUSPEND_QUERYSESSION,60,,154,user_08,BKS-Y
1375,,3,,2017-05-17 12:51:00.587,SUSPEND_QUERYSESSION,60,,154,user_08,BKS-Y
1376,,1,,2017-05-18 11:05:28.877,RESUME_QUERYSESSION,60,,156,user_08,TRVL-BT
1377,,3,,2017-05-18 11:11:32.7,SUSPEND_QUERYSESSION,60,,156,user_08,TRVL-BT
1378,,3,,2017-05-18 11:11:36.927,SUSPEND_QUERYSESSION,60,,156,user_08,TRVL-BT
1379,,0,,2017-05-18 11:12:32.426,RESUME_QUERYSESSION,152,,202,user_12,SPRT-YP
1381,,0,,2017-05-18 11:12:36.463,SUSPEND_QUERYSESSION,152,,202,user_12,SPRT-YP
1382,,0,,2017-05-18 11:12:51.025,RESUME_QUERYSESSION,152,,202,user_12,SPRT-YP
1384,,3,,2017-05-18 11:16:48.629,SUSPEND_QUERYSESSION,152,,202,user_12,SPRT-YP
1385,,3,,2017-05-18 11:16:50.855,SUSPEND_QUERYSESSION,152,,202,user_12,SPRT-YP
