participant_id,task_id,queryid,clueweb12id,relevancescore,username
155,TRVL-BT,204,clueweb12-0207wb-00-27761,2,user_15
155,TRVL-BT,204,clueweb12-0008wb-97-08652,2,user_15
156,TRVL-BT,209,clueweb12-0100wb-24-21347,3,user_16
156,TRVL-BT,209,clueweb12-0111wb-68-30374,4,user_16
156,TRVL-BT,209,clueweb12-0101wb-72-11666,3,user_16
156,TRVL-BT,209,clueweb12-0008wb-65-30316,2,user_16
156,TRVL-BT,209,clueweb12-0005wb-32-23055,2,user_16
101,TRVL-BT,108,clueweb12-0104wb-23-04808,4,andrea
101,TRVL-BT,108,clueweb12-0108wb-82-11764,3,andrea
101,TRVL-BT,108,clueweb12-0204wb-17-32806,3,andrea
101,TRVL-BT,108,clueweb12-0000wb-13-13617,1,andrea
101,TRVL-BT,108,clueweb12-0112wb-58-30948,3,andrea
101,TRVL-BT,108,clueweb12-0110wb-02-02143,4,andrea
101,TRVL-BT,108,clueweb12-0006wb-77-23645,4,andrea
101,TRVL-BT,108,clueweb12-0012wb-95-08248,4,andrea
101,TRVL-BT,108,clueweb12-0005wb-04-21995,3,andrea
101,TRVL-BT,108,clueweb12-0109wb-48-23382,4,andrea
101,TRVL-BT,108,clueweb12-0001wb-91-32239,1,andrea
101,TRVL-BT,108,clueweb12-0109wb-24-31083,2,andrea
101,TRVL-BT,108,clueweb12-0110wb-33-32933,3,andrea
101,TRVL-BT,108,clueweb12-0207wb-73-19037,4,andrea
101,TRVL-BT,108,clueweb12-0109wb-85-17002,3,andrea
101,TRVL-BT,108,clueweb12-0109wb-97-22455,3,andrea
101,TRVL-BT,108,clueweb12-0109wb-58-19639,4,andrea
156,TRVL-BT,209,clueweb12-0012wb-82-11476,3,user_16
101,TRVL-BT,108,clueweb12-0107wb-71-09808,4,andrea
101,TRVL-BT,108,clueweb12-0109wb-31-15155,3,andrea
101,TRVL-BT,108,clueweb12-0204wb-18-28120,2,andrea
101,TRVL-BT,109,clueweb12-0111wb-69-31859,3,andrea
101,TRVL-BT,109,clueweb12-0202wb-40-13170,2,andrea
101,TRVL-BT,109,clueweb12-0013wb-30-13331,2,andrea
101,TRVL-BT,109,clueweb12-0109wb-02-34193,3,andrea
101,TRVL-BT,109,clueweb12-0111wb-06-10740,1,andrea
156,TRVL-BT,209,clueweb12-0001wb-26-15555,3,user_16
156,TRVL-BT,209,clueweb12-0204wb-93-10778,2,user_16
156,TRVL-BT,209,clueweb12-0207wb-37-17320,4,user_16
156,TRVL-BT,209,clueweb12-0110wb-70-05320,3,user_16
156,TRVL-BT,209,clueweb12-0205wb-58-31359,3,user_16
156,TRVL-BT,209,clueweb12-0202wb-78-31043,2,user_16
156,TRVL-BT,209,clueweb12-0111wb-65-18217,2,user_16
156,TRVL-BT,209,clueweb12-0004wb-25-35818,2,user_16
156,TRVL-BT,209,clueweb12-0011wb-20-06524,2,user_16
156,TRVL-BT,209,clueweb12-0001wb-86-28719,3,user_16
156,TRVL-BT,209,clueweb12-0004wb-65-34894,3,user_16
101,TRVL-BT,110,clueweb12-0011wb-01-24931,1,andrea
101,TRVL-BT,110,clueweb12-0211wb-28-02737,1,andrea
101,TRVL-BT,110,clueweb12-0102wb-51-28440,1,andrea
101,TRVL-BT,110,clueweb12-0209wb-46-30189,2,andrea
101,TRVL-BT,110,clueweb12-0108wb-79-26803,2,andrea
101,TRVL-BT,110,clueweb12-0100wb-73-20097,1,andrea
101,TRVL-BT,110,clueweb12-0007wb-51-16427,1,andrea
101,TRVL-BT,110,clueweb12-0107wb-15-02575,1,andrea
101,TRVL-BT,111,clueweb12-0105wb-07-08979,4,andrea
101,TRVL-BT,111,clueweb12-0103wb-93-30134,4,andrea
101,TRVL-BT,111,clueweb12-0105wb-68-03335,4,andrea
101,TRVL-BT,111,clueweb12-0104wb-99-04944,4,andrea
101,TRVL-BT,111,clueweb12-0105wb-16-06667,4,andrea
101,TRVL-BT,111,clueweb12-0104wb-90-28258,4,andrea
101,TRVL-BT,111,clueweb12-0105wb-63-05576,4,andrea
156,TRVL-BT,209,clueweb12-0004wb-76-35495,3,user_16
101,TRVL-BT,111,clueweb12-0105wb-32-12819,3,andrea
101,TRVL-BT,111,clueweb12-0109wb-29-31999,4,andrea
101,TRVL-BT,111,clueweb12-0105wb-56-20288,3,andrea
101,TRVL-BT,112,clueweb12-0111wb-62-16596,1,andrea
101,TRVL-BT,112,clueweb12-0110wb-43-29883,1,andrea
101,TRVL-BT,112,clueweb12-0109wb-81-13361,3,andrea
101,TRVL-BT,112,clueweb12-0002wb-27-04004,2,andrea
101,TRVL-BT,112,clueweb12-0110wb-02-02143,3,andrea
101,TRVL-BT,112,clueweb12-0107wb-30-09126,3,andrea
101,TRVL-BT,112,clueweb12-0108wb-11-10871,3,andrea
101,TRVL-BT,112,clueweb12-0109wb-29-32756,1,andrea
101,TRVL-BT,112,clueweb12-0002wb-07-19855,3,andrea
101,TRVL-BT,112,clueweb12-0108wb-63-08346,1,andrea
101,TRVL-BT,112,clueweb12-0101wb-57-13690,1,andrea
101,TRVL-BT,113,clueweb12-0205wb-82-28952,3,andrea
101,TRVL-BT,113,clueweb12-0011wb-98-34914,4,andrea
101,TRVL-BT,113,clueweb12-0200wb-73-23429,3,andrea
101,TRVL-BT,113,clueweb12-0206wb-49-19166,3,andrea
101,TRVL-BT,113,clueweb12-0111wb-18-01357,4,andrea
101,TRVL-BT,113,clueweb12-0204wb-36-14076,3,andrea
101,TRVL-BT,113,clueweb12-0006wb-11-17309,4,andrea
101,TRVL-BT,113,clueweb12-0107wb-18-12447,3,andrea
101,TRVL-BT,113,clueweb12-0111wb-11-12603,4,andrea
101,TRVL-BT,113,clueweb12-0107wb-77-23908,3,andrea
101,TRVL-BT,114,clueweb12-0110wb-71-29392,2,andrea
101,TRVL-BT,114,clueweb12-0011wb-64-16886,4,andrea
101,TRVL-BT,114,clueweb12-0104wb-61-03140,2,andrea
101,TRVL-BT,114,clueweb12-0111wb-72-04090,3,andrea
101,TRVL-BT,114,clueweb12-0102wb-95-12548,1,andrea
101,TRVL-BT,114,clueweb12-0009wb-97-19997,1,andrea
101,TRVL-BT,114,clueweb12-0109wb-28-29853,1,andrea
101,TRVL-BT,114,clueweb12-0106wb-55-11879,2,andrea
101,TRVL-BT,114,clueweb12-0103wb-04-11942,1,andrea
101,TRVL-BT,115,clueweb12-0011wb-64-16886,2,andrea
101,TRVL-BT,115,clueweb12-0103wb-04-11942,1,andrea
101,TRVL-BT,115,clueweb12-0111wb-72-04090,2,andrea
101,TRVL-BT,115,clueweb12-0103wb-57-07841,1,andrea
101,TRVL-BT,115,clueweb12-0106wb-55-11879,2,andrea
101,TRVL-BT,115,clueweb12-0100wb-76-10494,3,andrea
101,TRVL-BT,115,clueweb12-0105wb-51-05408,4,andrea
101,TRVL-BT,115,clueweb12-0013wb-17-15333,1,andrea
101,TRVL-BT,115,clueweb12-0104wb-90-31395,2,andrea
101,TRVL-BT,115,clueweb12-0109wb-02-18448,3,andrea
101,TRVL-BT,115,clueweb12-0102wb-95-12548,2,andrea
101,TRVL-BT,116,clueweb12-0004wb-74-09431,1,andrea
101,TRVL-BT,116,clueweb12-0005wb-03-35381,1,andrea
101,TRVL-BT,116,clueweb12-0005wb-64-27806,2,andrea
101,TRVL-BT,116,clueweb12-0004wb-00-01091,1,andrea
101,TRVL-BT,116,clueweb12-0004wb-52-08163,1,andrea
101,TRVL-BT,116,clueweb12-0110wb-46-09629,3,andrea
101,TRVL-BT,116,clueweb12-0205wb-23-07969,2,andrea
101,TRVL-BT,116,clueweb12-0000wb-76-14807,1,andrea
101,TRVL-BT,116,clueweb12-0102wb-89-22382,1,andrea
101,TRVL-BT,116,clueweb12-0003wb-09-04997,1,andrea
101,TRVL-BT,116,clueweb12-0003wb-90-12662,1,andrea
101,TRVL-BT,117,clueweb12-0109wb-91-18815,1,andrea
101,TRVL-BT,117,clueweb12-0206wb-90-27891,3,andrea
101,TRVL-BT,117,clueweb12-0106wb-98-00615,1,andrea
101,TRVL-BT,117,clueweb12-0009wb-24-37407,3,andrea
101,TRVL-BT,117,clueweb12-0104wb-17-22914,1,andrea
101,TRVL-BT,117,clueweb12-0202wb-22-08675,1,andrea
101,TRVL-BT,117,clueweb12-0100wb-46-20735,1,andrea
101,TRVL-BT,117,clueweb12-0103wb-61-14691,1,andrea
101,TRVL-BT,117,clueweb12-0108wb-34-19435,1,andrea
101,TRVL-BT,117,clueweb12-0000wb-59-01496,1,andrea
101,TRVL-BT,118,clueweb12-0001wb-55-09947,2,andrea
101,TRVL-BT,118,clueweb12-0110wb-58-16413,2,andrea
101,TRVL-BT,118,clueweb12-0206wb-90-27891,3,andrea
101,TRVL-BT,118,clueweb12-0000wb-59-01496,2,andrea
101,TRVL-BT,118,clueweb12-0111wb-15-03978,3,andrea
101,TRVL-BT,118,clueweb12-0203wb-09-03671,1,andrea
101,TRVL-BT,118,clueweb12-0202wb-23-03163,2,andrea
101,TRVL-BT,118,clueweb12-0109wb-93-29315,2,andrea
101,TRVL-BT,118,clueweb12-0106wb-02-29568,3,andrea
101,TRVL-BT,118,clueweb12-0013wb-53-32145,2,andrea
101,TRVL-BT,118,clueweb12-0202wb-98-27204,1,andrea
156,TRVL-BT,209,clueweb12-0212wb-25-30675,2,user_16
101,TRVL-BT,119,clueweb12-0208wb-69-26995,1,andrea
101,TRVL-BT,119,clueweb12-0209wb-10-21709,3,andrea
101,TRVL-BT,119,clueweb12-0200wb-82-18649,3,andrea
101,TRVL-BT,120,clueweb12-0209wb-86-13606,3,andrea
101,TRVL-BT,120,clueweb12-0110wb-07-33679,4,andrea
101,TRVL-BT,120,clueweb12-0106wb-86-10143,1,andrea
101,TRVL-BT,120,clueweb12-0202wb-49-02828,1,andrea
101,TRVL-BT,120,clueweb12-0106wb-78-03740,2,andrea
101,TRVL-BT,120,clueweb12-0211wb-44-30211,1,andrea
101,TRVL-BT,120,clueweb12-0002wb-32-22352,1,andrea
101,TRVL-BT,120,clueweb12-0207wb-55-27712,1,andrea
101,TRVL-BT,120,clueweb12-0001wb-69-19058,1,andrea
101,TRVL-BT,120,clueweb12-0013wb-46-04369,1,andrea
101,TRVL-BT,121,clueweb12-0210wb-69-33797,1,andrea
101,TRVL-BT,121,clueweb12-0007wb-00-14921,1,andrea
101,TRVL-BT,121,clueweb12-0007wb-67-06708,1,andrea
101,TRVL-BT,121,clueweb12-0111wb-43-17318,1,andrea
101,TRVL-BT,121,clueweb12-0211wb-02-02942,1,andrea
101,TRVL-BT,121,clueweb12-0100wb-56-29346,1,andrea
101,TRVL-BT,121,clueweb12-0104wb-46-22446,2,andrea
101,TRVL-BT,121,clueweb12-0108wb-54-29841,1,andrea
101,TRVL-BT,121,clueweb12-0208wb-81-08887,1,andrea
101,TRVL-BT,121,clueweb12-0108wb-44-13761,3,andrea
101,TRVL-BT,122,clueweb12-0003wb-73-17947,2,andrea
101,TRVL-BT,122,clueweb12-0003wb-89-37948,2,andrea
101,TRVL-BT,122,clueweb12-0210wb-69-33797,1,andrea
101,TRVL-BT,122,clueweb12-0104wb-46-22446,2,andrea
101,TRVL-BT,122,clueweb12-0200tw-08-01120,1,andrea
101,TRVL-BT,122,clueweb12-0108wb-44-13761,3,andrea
101,TRVL-BT,122,clueweb12-0204wb-75-02102,2,andrea
101,TRVL-BT,122,clueweb12-0101wb-21-31508,1,andrea
101,TRVL-BT,122,clueweb12-0110wb-46-09629,2,andrea
101,TRVL-BT,123,clueweb12-0002wb-43-37178,3,andrea
101,TRVL-BT,123,clueweb12-0107wb-05-33148,3,andrea
101,TRVL-BT,123,clueweb12-0003wb-73-17947,4,andrea
101,TRVL-BT,123,clueweb12-0204wb-75-02102,4,andrea
101,TRVL-BT,123,clueweb12-0012wb-58-32108,1,andrea
101,TRVL-BT,123,clueweb12-0107wb-24-32573,3,andrea
101,TRVL-BT,123,clueweb12-0003wb-89-37948,4,andrea
101,TRVL-BT,123,clueweb12-0110wb-46-09629,2,andrea
101,TRVL-BT,123,clueweb12-0204wb-72-04135,1,andrea
101,TRVL-BT,123,clueweb12-0108wb-44-13761,1,andrea
101,TRVL-BT,123,clueweb12-0104wb-46-22446,3,andrea
101,TRVL-BT,124,clueweb12-0106wb-63-15379,2,andrea
101,TRVL-BT,124,clueweb12-0109wb-58-19639,3,andrea
101,TRVL-BT,124,clueweb12-0110wb-02-02143,3,andrea
101,TRVL-BT,124,clueweb12-0109wb-48-23382,4,andrea
101,TRVL-BT,124,clueweb12-0110wb-33-32933,2,andrea
101,TRVL-BT,124,clueweb12-0005wb-04-21995,2,andrea
101,TRVL-BT,124,clueweb12-0109wb-97-22455,2,andrea
101,TRVL-BT,124,clueweb12-0107wb-71-09808,3,andrea
101,TRVL-BT,124,clueweb12-0112wb-38-00657,3,andrea
101,TRVL-BT,124,clueweb12-0106wb-88-01121,2,andrea
101,TRVL-BT,125,clueweb12-0105wb-41-25843,1,andrea
101,TRVL-BT,125,clueweb12-0206wb-69-23554,1,andrea
101,TRVL-BT,125,clueweb12-0200tw-51-14047,1,andrea
101,TRVL-BT,125,clueweb12-0210wb-26-32313,1,andrea
101,TRVL-BT,125,clueweb12-0001wb-91-20481,3,andrea
101,TRVL-BT,125,clueweb12-0208wb-26-13716,2,andrea
101,TRVL-BT,125,clueweb12-0200tw-49-11456,1,andrea
101,TRVL-BT,125,clueweb12-0106wb-04-18725,3,andrea
101,TRVL-BT,125,clueweb12-0003wb-85-04045,3,andrea
101,TRVL-BT,125,clueweb12-0106wb-88-18568,3,andrea
101,TRVL-BT,126,clueweb12-0110wb-88-20042,2,andrea
101,TRVL-BT,126,clueweb12-0110wb-50-32410,2,andrea
101,TRVL-BT,126,clueweb12-0106wb-34-23623,3,andrea
101,TRVL-BT,126,clueweb12-0208wb-08-07522,4,andrea
101,TRVL-BT,126,clueweb12-0109wb-39-13260,2,andrea
101,TRVL-BT,126,clueweb12-0201wb-88-22033,4,andrea
101,TRVL-BT,126,clueweb12-0103wb-86-16953,3,andrea
101,TRVL-BT,126,clueweb12-0109wb-21-12192,2,andrea
101,TRVL-BT,126,clueweb12-0100wb-64-30562,3,andrea
101,TRVL-BT,127,clueweb12-0211wb-24-05664,1,andrea
101,TRVL-BT,127,clueweb12-0110wb-46-09629,2,andrea
101,TRVL-BT,127,clueweb12-0200wb-94-29523,3,andrea
101,TRVL-BT,127,clueweb12-0206wb-86-14464,1,andrea
101,TRVL-BT,127,clueweb12-0001wb-59-18011,1,andrea
101,TRVL-BT,127,clueweb12-0005wb-64-27806,2,andrea
101,TRVL-BT,127,clueweb12-0205wb-23-07969,2,andrea
101,TRVL-BT,127,clueweb12-0102wb-89-22382,1,andrea
101,TRVL-BT,127,clueweb12-0000wb-65-19219,1,andrea
101,TRVL-BT,127,clueweb12-0000wb-90-08117,2,andrea
101,TRVL-BT,128,clueweb12-0200wb-94-29523,1,andrea
101,TRVL-BT,128,clueweb12-0202wb-84-17006,1,andrea
101,TRVL-BT,128,clueweb12-0109wb-97-03885,2,andrea
101,TRVL-BT,128,clueweb12-0005wb-64-27806,2,andrea
101,TRVL-BT,128,clueweb12-0005wb-03-35381,1,andrea
101,TRVL-BT,128,clueweb12-0205wb-23-07969,1,andrea
101,TRVL-BT,128,clueweb12-0102wb-89-22382,2,andrea
101,TRVL-BT,128,clueweb12-0001wb-84-05827,1,andrea
101,TRVL-BT,109,clueweb12-0110wb-97-26544,1,andrea
101,TRVL-BT,109,clueweb12-0109wb-22-14320,2,andrea
101,TRVL-BT,109,clueweb12-0009wb-74-13199,2,andrea
101,TRVL-BT,109,clueweb12-0109wb-04-02521,2,andrea
101,TRVL-BT,109,clueweb12-0200wb-68-08004,4,andrea
101,TRVL-BT,109,clueweb12-0009wb-82-31368,2,andrea
101,TRVL-BT,109,clueweb12-0006wb-35-27877,3,andrea
101,TRVL-BT,109,clueweb12-0005wb-99-10562,1,andrea
101,TRVL-BT,109,clueweb12-0006wb-77-23645,4,andrea
101,TRVL-BT,109,clueweb12-0005wb-96-14701,1,andrea
101,TRVL-BT,109,clueweb12-0011wb-46-19863,2,andrea
101,TRVL-BT,109,clueweb12-0204wb-34-30547,2,andrea
101,TRVL-BT,109,clueweb12-0204wb-47-22588,1,andrea
101,TRVL-BT,109,clueweb12-0011wb-42-09096,2,andrea
101,TRVL-BT,110,clueweb12-0110wb-96-17621,1,andrea
101,TRVL-BT,110,clueweb12-0107wb-58-04578,1,andrea
101,TRVL-BT,110,clueweb12-0107wb-33-23679,1,andrea
101,TRVL-BT,110,clueweb12-0109wb-13-29749,2,andrea
101,TRVL-BT,110,clueweb12-0202wb-40-09424,2,andrea
101,TRVL-BT,110,clueweb12-0000wb-21-01725,1,andrea
101,TRVL-BT,110,clueweb12-0102wb-63-29011,1,andrea
101,TRVL-BT,110,clueweb12-0204wb-54-25777,2,andrea
101,TRVL-BT,110,clueweb12-0000wb-59-05717,1,andrea
101,TRVL-BT,110,clueweb12-0107wb-23-11107,1,andrea
101,TRVL-BT,110,clueweb12-0211wb-24-02564,1,andrea
101,TRVL-BT,111,clueweb12-0105wb-65-20385,3,andrea
101,TRVL-BT,129,clueweb12-0205wb-43-23241,2,andrea
101,TRVL-BT,129,clueweb12-0204wb-59-04426,2,andrea
101,TRVL-BT,129,clueweb12-0204wb-67-00013,3,andrea
101,TRVL-BT,129,clueweb12-0003wb-79-30983,1,andrea
101,TRVL-BT,111,clueweb12-0109wb-72-21313,4,andrea
101,TRVL-BT,111,clueweb12-0205wb-23-07969,4,andrea
101,TRVL-BT,111,clueweb12-0003wb-30-35961,3,andrea
101,TRVL-BT,111,clueweb12-0110wb-10-33558,4,andrea
101,TRVL-BT,111,clueweb12-0104wb-71-08885,4,andrea
101,TRVL-BT,111,clueweb12-0105wb-24-08718,3,andrea
101,TRVL-BT,111,clueweb12-0013wb-71-25552,3,andrea
101,TRVL-BT,111,clueweb12-0002wb-82-21657,3,andrea
101,TRVL-BT,112,clueweb12-0005wb-64-27806,2,andrea
101,TRVL-BT,112,clueweb12-0211wb-18-04502,2,andrea
101,TRVL-BT,112,clueweb12-0003wb-73-17947,1,andrea
101,TRVL-BT,112,clueweb12-0111wb-53-29225,1,andrea
101,TRVL-BT,112,clueweb12-0106wb-51-30490,3,andrea
101,TRVL-BT,112,clueweb12-0110wb-68-14520,1,andrea
101,TRVL-BT,113,clueweb12-0108wb-31-11489,3,andrea
101,TRVL-BT,113,clueweb12-0107wb-84-14887,3,andrea
101,TRVL-BT,113,clueweb12-0201wb-81-32280,2,andrea
101,TRVL-BT,113,clueweb12-0108wb-79-26803,4,andrea
101,TRVL-BT,113,clueweb12-0106wb-92-18982,4,andrea
101,TRVL-BT,113,clueweb12-0106wb-78-03740,3,andrea
101,TRVL-BT,113,clueweb12-0203wb-01-05851,1,andrea
101,TRVL-BT,113,clueweb12-0000wb-47-17129,3,andrea
101,TRVL-BT,114,clueweb12-0109wb-64-12495,1,andrea
101,TRVL-BT,114,clueweb12-0104wb-50-08752,2,andrea
101,TRVL-BT,114,clueweb12-0106wb-28-14072,1,andrea
101,TRVL-BT,114,clueweb12-0109wb-31-19314,3,andrea
101,TRVL-BT,114,clueweb12-0111wb-96-27697,2,andrea
101,TRVL-BT,114,clueweb12-0200wb-53-23747,2,andrea
101,TRVL-BT,114,clueweb12-0109wb-13-17161,2,andrea
101,TRVL-BT,115,clueweb12-0000wb-60-31933,2,andrea
101,TRVL-BT,115,clueweb12-0110wb-61-22090,2,andrea
101,TRVL-BT,115,clueweb12-0110wb-29-01553,3,andrea
101,TRVL-BT,115,clueweb12-0006wb-37-07688,2,andrea
101,TRVL-BT,115,clueweb12-0110wb-80-05543,2,andrea
101,TRVL-BT,115,clueweb12-0009wb-97-19997,1,andrea
101,TRVL-BT,115,clueweb12-0206wb-54-28459,2,andrea
101,TRVL-BT,116,clueweb12-0211wb-49-10453,3,andrea
101,TRVL-BT,116,clueweb12-0207wb-69-01189,1,andrea
101,TRVL-BT,116,clueweb12-0101wb-71-12262,1,andrea
101,TRVL-BT,116,clueweb12-0212wb-22-09925,1,andrea
101,TRVL-BT,116,clueweb12-0211wb-72-08398,1,andrea
101,TRVL-BT,116,clueweb12-0201wb-38-18164,1,andrea
101,TRVL-BT,117,clueweb12-0107wb-48-14496,4,andrea
101,TRVL-BT,117,clueweb12-0104wb-86-27650,1,andrea
101,TRVL-BT,117,clueweb12-0205wb-18-16998,1,andrea
101,TRVL-BT,117,clueweb12-0205wb-04-01303,1,andrea
101,TRVL-BT,117,clueweb12-0206wb-21-21297,1,andrea
101,TRVL-BT,117,clueweb12-0011wb-32-25417,1,andrea
101,TRVL-BT,117,clueweb12-0107wb-32-07161,4,andrea
101,TRVL-BT,117,clueweb12-0110wb-06-19870,1,andrea
101,TRVL-BT,118,clueweb12-0108wb-89-22896,2,andrea
101,TRVL-BT,118,clueweb12-0006wb-49-15941,1,andrea
101,TRVL-BT,118,clueweb12-0109wb-21-25713,1,andrea
101,TRVL-BT,118,clueweb12-0109wb-82-01682,2,andrea
101,TRVL-BT,118,clueweb12-0205wb-35-21011,2,andrea
101,TRVL-BT,118,clueweb12-0107wb-32-07161,3,andrea
101,TRVL-BT,119,clueweb12-0208wb-61-15874,1,andrea
101,TRVL-BT,119,clueweb12-0106wb-08-15031,1,andrea
101,TRVL-BT,119,clueweb12-0107wb-81-31925,4,andrea
101,TRVL-BT,119,clueweb12-0210wb-10-10674,1,andrea
101,TRVL-BT,119,clueweb12-0208wb-28-03404,1,andrea
101,TRVL-BT,119,clueweb12-0104wb-06-17948,1,andrea
101,TRVL-BT,119,clueweb12-0100wb-22-08052,1,andrea
101,TRVL-BT,119,clueweb12-0208wb-40-21336,1,andrea
101,TRVL-BT,129,clueweb12-0108wb-36-23721,3,andrea
101,TRVL-BT,112,clueweb12-0204wb-22-12763,1,andrea
101,TRVL-BT,112,clueweb12-0107wb-29-16238,1,andrea
101,TRVL-BT,113,clueweb12-0107wb-63-03601,3,andrea
101,TRVL-BT,113,clueweb12-0109wb-69-14221,3,andrea
101,TRVL-BT,114,clueweb12-0110wb-61-22076,2,andrea
101,TRVL-BT,114,clueweb12-0006wb-37-07688,2,andrea
101,TRVL-BT,114,clueweb12-0110wb-71-29378,2,andrea
101,TRVL-BT,115,clueweb12-0012wb-04-14774,1,andrea
101,TRVL-BT,115,clueweb12-0101wb-05-08702,1,andrea
101,TRVL-BT,115,clueweb12-0105wb-94-09817,3,andrea
101,TRVL-BT,116,clueweb12-0109wb-97-03885,1,andrea
101,TRVL-BT,116,clueweb12-0212wb-19-24146,1,andrea
101,TRVL-BT,117,clueweb12-0206wb-28-15700,1,andrea
101,TRVL-BT,117,clueweb12-0013wb-53-32145,2,andrea
101,TRVL-BT,117,clueweb12-0205wb-80-18169,1,andrea
101,TRVL-BT,118,clueweb12-0201wb-20-32586,2,andrea
101,TRVL-BT,118,clueweb12-0009wb-24-37407,2,andrea
101,TRVL-BT,119,clueweb12-0105wb-74-21441,1,andrea
101,TRVL-BT,119,clueweb12-0012wb-14-17666,3,andrea
101,TRVL-BT,119,clueweb12-0106wb-72-19387,1,andrea
101,TRVL-BT,119,clueweb12-0100wb-59-10591,1,andrea
101,TRVL-BT,119,clueweb12-0008wb-31-04239,2,andrea
101,TRVL-BT,119,clueweb12-0010wb-02-12512,2,andrea
101,TRVL-BT,120,clueweb12-0009wb-05-04480,1,andrea
101,TRVL-BT,120,clueweb12-0100tw-39-03013,1,andrea
101,TRVL-BT,120,clueweb12-0200tw-68-09635,1,andrea
101,TRVL-BT,120,clueweb12-0100wb-06-14040,1,andrea
101,TRVL-BT,120,clueweb12-0108wb-54-29841,1,andrea
101,TRVL-BT,120,clueweb12-0106wb-94-09763,1,andrea
101,TRVL-BT,120,clueweb12-0200wb-74-21739,1,andrea
101,TRVL-BT,121,clueweb12-0208wb-94-33123,1,andrea
101,TRVL-BT,121,clueweb12-0011wb-42-00237,1,andrea
101,TRVL-BT,121,clueweb12-0106wb-99-08522,1,andrea
101,TRVL-BT,121,clueweb12-0206wb-34-14031,1,andrea
101,TRVL-BT,121,clueweb12-0010wb-43-07400,1,andrea
101,TRVL-BT,121,clueweb12-0208wb-52-06949,1,andrea
101,TRVL-BT,121,clueweb12-0212wb-16-32580,1,andrea
101,TRVL-BT,122,clueweb12-0002wb-43-37178,1,andrea
101,TRVL-BT,122,clueweb12-0205wb-23-12894,2,andrea
101,TRVL-BT,122,clueweb12-0104wb-90-28258,1,andrea
101,TRVL-BT,122,clueweb12-0206wb-50-07863,1,andrea
101,TRVL-BT,122,clueweb12-0203wb-88-12243,1,andrea
101,TRVL-BT,122,clueweb12-0103wb-93-30778,3,andrea
101,TRVL-BT,123,clueweb12-0010wb-69-12631,1,andrea
101,TRVL-BT,123,clueweb12-0109wb-21-34358,1,andrea
101,TRVL-BT,123,clueweb12-0201wb-60-13537,1,andrea
101,TRVL-BT,123,clueweb12-0000wb-69-17053,1,andrea
101,TRVL-BT,123,clueweb12-0105wb-17-29239,1,andrea
101,TRVL-BT,123,clueweb12-0103wb-93-26447,2,andrea
101,TRVL-BT,124,clueweb12-0202wb-82-11463,3,andrea
101,TRVL-BT,124,clueweb12-0107wb-33-26888,2,andrea
101,TRVL-BT,124,clueweb12-0105wb-85-26233,3,andrea
101,TRVL-BT,124,clueweb12-0109wb-85-09122,3,andrea
101,TRVL-BT,124,clueweb12-0107wb-95-04584,3,andrea
101,TRVL-BT,124,clueweb12-0201wb-90-16432,3,andrea
101,TRVL-BT,124,clueweb12-0201wb-39-03053,2,andrea
101,TRVL-BT,125,clueweb12-0210wb-38-24288,1,andrea
101,TRVL-BT,125,clueweb12-0208wb-89-08243,2,andrea
101,TRVL-BT,125,clueweb12-0205wb-04-32270,2,andrea
101,TRVL-BT,125,clueweb12-0108wb-97-03354,2,andrea
101,TRVL-BT,125,clueweb12-0103wb-56-11595,1,andrea
101,TRVL-BT,125,clueweb12-0208wb-58-04340,1,andrea
101,TRVL-BT,126,clueweb12-0109wb-47-05360,2,andrea
101,TRVL-BT,125,clueweb12-0208wb-99-26966,1,andrea
101,TRVL-BT,126,clueweb12-0204wb-50-28847,1,andrea
101,TRVL-BT,126,clueweb12-0112wb-36-08151,1,andrea
101,TRVL-BT,126,clueweb12-0101wb-88-08902,2,andrea
101,TRVL-BT,126,clueweb12-0110wb-61-21963,2,andrea
101,TRVL-BT,126,clueweb12-0202wb-13-09868,1,andrea
101,TRVL-BT,126,clueweb12-0203wb-04-08030,1,andrea
101,TRVL-BT,127,clueweb12-0013wb-22-18516,1,andrea
101,TRVL-BT,127,clueweb12-0206wb-59-14609,1,andrea
101,TRVL-BT,127,clueweb12-0002wb-58-09149,1,andrea
101,TRVL-BT,127,clueweb12-0003wb-36-10869,1,andrea
101,TRVL-BT,127,clueweb12-0207wb-69-01189,1,andrea
101,TRVL-BT,127,clueweb12-0106wb-76-29368,1,andrea
101,TRVL-BT,128,clueweb12-0004wb-52-08163,2,andrea
101,TRVL-BT,128,clueweb12-0105wb-06-24444,2,andrea
101,TRVL-BT,128,clueweb12-0200wb-54-21171,1,andrea
101,TRVL-BT,128,clueweb12-0211wb-33-13675,1,andrea
101,TRVL-BT,128,clueweb12-0000wb-76-14807,1,andrea
101,TRVL-BT,128,clueweb12-0206wb-59-14609,1,andrea
101,TRVL-BT,128,clueweb12-0209wb-74-15798,1,andrea
101,TRVL-BT,128,clueweb12-0110wb-46-09629,2,andrea
101,TRVL-BT,128,clueweb12-0004wb-74-09431,1,andrea
101,TRVL-BT,129,clueweb12-0109wb-13-11908,3,andrea
101,TRVL-BT,129,clueweb12-0201wb-47-26231,2,andrea
101,TRVL-BT,129,clueweb12-0100tw-34-11226,1,andrea
101,TRVL-BT,129,clueweb12-0107wb-31-19707,1,andrea
101,TRVL-BT,129,clueweb12-0200wb-47-14331,1,andrea
101,TRVL-BT,129,clueweb12-0107wb-05-33148,2,andrea
101,TRVL-BT,129,clueweb12-0107wb-84-31657,3,andrea
101,TRVL-BT,129,clueweb12-0102wb-25-15751,1,andrea
101,TRVL-BT,129,clueweb12-0107wb-70-03326,3,andrea
101,TRVL-BT,129,clueweb12-0200wb-81-31747,2,andrea
101,TRVL-BT,129,clueweb12-0203wb-80-23680,1,andrea
101,TRVL-BT,129,clueweb12-0108wb-00-00265,3,andrea
101,TRVL-BT,129,clueweb12-0107wb-78-10191,3,andrea
101,TRVL-BT,119,clueweb12-0010wb-75-22419,3,andrea
101,TRVL-BT,119,clueweb12-0100wb-03-18352,3,andrea
101,TRVL-BT,120,clueweb12-0003wb-99-25454,1,andrea
101,TRVL-BT,120,clueweb12-0201wb-18-00787,1,andrea
101,TRVL-BT,121,clueweb12-0208wb-02-03977,1,andrea
101,TRVL-BT,121,clueweb12-0207wb-09-08329,1,andrea
101,TRVL-BT,122,clueweb12-0204wb-60-04861,1,andrea
101,TRVL-BT,122,clueweb12-0002wb-82-21657,1,andrea
101,TRVL-BT,122,clueweb12-0201wb-26-16136,1,andrea
101,TRVL-BT,122,clueweb12-0103wb-86-14013,3,andrea
101,TRVL-BT,123,clueweb12-0104wb-23-04808,2,andrea
101,TRVL-BT,123,clueweb12-0205wb-57-02829,2,andrea
101,TRVL-BT,124,clueweb12-0104wb-23-04808,4,andrea
101,TRVL-BT,124,clueweb12-0106wb-51-30490,2,andrea
101,TRVL-BT,125,clueweb12-0211wb-55-26091,1,andrea
101,TRVL-BT,125,clueweb12-0108wb-93-08494,1,andrea
101,TRVL-BT,126,clueweb12-0110wb-15-27918,2,andrea
101,TRVL-BT,126,clueweb12-0100wb-44-11713,1,andrea
101,TRVL-BT,126,clueweb12-0107wb-95-05834,2,andrea
101,TRVL-BT,127,clueweb12-0005wb-76-33157,1,andrea
101,TRVL-BT,127,clueweb12-0109wb-97-03885,2,andrea
101,TRVL-BT,127,clueweb12-0206wb-34-01721,1,andrea
101,TRVL-BT,128,clueweb12-0211wb-72-08398,1,andrea
101,TRVL-BT,128,clueweb12-0000wb-90-08117,2,andrea
101,TRVL-BT,129,clueweb12-0104wb-11-15934,2,andrea
101,TRVL-BT,129,clueweb12-0003wb-90-33671,1,andrea
101,TRVL-BT,129,clueweb12-0206wb-93-25130,2,andrea
101,TRVL-BT,129,clueweb12-0110wb-56-22835,1,andrea
59,BKS-Y,135,clueweb12-0013wb-73-08562,4,user_07
59,BKS-Y,135,clueweb12-0005wb-65-26662,4,user_07
59,BKS-Y,135,clueweb12-0012wb-68-24845,4,user_07
59,BKS-Y,135,clueweb12-0007wb-81-24408,4,user_07
59,BKS-Y,135,clueweb12-0101wb-78-28562,4,user_07
59,BKS-Y,135,clueweb12-0203wb-31-01456,4,user_07
59,BKS-Y,135,clueweb12-0107wb-69-16701,4,user_07
59,BKS-Y,135,clueweb12-0007wb-73-35650,4,user_07
59,BKS-Y,135,clueweb12-0009wb-68-08169,2,user_07
59,BKS-Y,136,clueweb12-0011wb-14-02737,2,user_07
59,BKS-Y,135,clueweb12-0000wb-37-32880,4,user_07
59,BKS-Y,135,clueweb12-0010wb-37-23062,3,user_07
59,BKS-Y,136,clueweb12-0104wb-48-09594,2,user_07
59,BKS-Y,136,clueweb12-0009wb-95-30557,2,user_07
59,BKS-Y,136,clueweb12-0205wb-89-03469,1,user_07
59,BKS-Y,136,clueweb12-0009wb-58-30520,2,user_07
59,BKS-Y,137,clueweb12-0208wb-29-06482,3,user_07
59,BKS-Y,136,clueweb12-0209wb-73-04952,1,user_07
59,BKS-Y,136,clueweb12-0206wb-18-30862,2,user_07
59,BKS-Y,136,clueweb12-0009wb-16-18001,2,user_07
59,BKS-Y,136,clueweb12-0009wb-77-33466,2,user_07
59,BKS-Y,136,clueweb12-0103wb-93-16719,2,user_07
59,BKS-Y,136,clueweb12-0011wb-23-13666,2,user_07
59,BKS-Y,138,clueweb12-0203wb-52-30033,2,user_07
59,BKS-Y,137,clueweb12-0209wb-31-12579,3,user_07
59,BKS-Y,137,clueweb12-0210wb-55-11972,3,user_07
59,BKS-Y,137,clueweb12-0210wb-08-28543,3,user_07
59,BKS-Y,137,clueweb12-0209wb-37-33440,4,user_07
59,BKS-Y,137,clueweb12-0211wb-69-19189,4,user_07
59,BKS-Y,137,clueweb12-0100tw-43-12079,3,user_07
59,BKS-Y,137,clueweb12-0210wb-94-19691,2,user_07
59,BKS-Y,137,clueweb12-0209wb-45-35602,3,user_07
59,BKS-Y,137,clueweb12-0212wb-17-09889,3,user_07
59,BKS-Y,137,clueweb12-0210wb-88-12097,3,user_07
59,BKS-Y,138,clueweb12-0007wb-75-15711,2,user_07
59,BKS-Y,138,clueweb12-0105wb-43-30685,1,user_07
59,BKS-Y,139,clueweb12-0010wb-50-22940,1,user_07
59,BKS-Y,138,clueweb12-0002wb-09-07212,3,user_07
59,BKS-Y,138,clueweb12-0201wb-62-08431,2,user_07
59,BKS-Y,138,clueweb12-0202wb-87-33266,2,user_07
59,BKS-Y,138,clueweb12-0000tw-41-12501,2,user_07
59,BKS-Y,138,clueweb12-0002wb-24-18091,2,user_07
59,BKS-Y,138,clueweb12-0202wb-79-23536,2,user_07
59,BKS-Y,138,clueweb12-0101wb-29-13169,3,user_07
59,BKS-Y,138,clueweb12-0200tw-82-17054,3,user_07
59,BKS-Y,138,clueweb12-0105wb-89-20849,3,user_07
59,BKS-Y,139,clueweb12-0010wb-68-29492,1,user_07
59,BKS-Y,139,clueweb12-0104wb-59-04525,2,user_07
59,BKS-Y,139,clueweb12-0005wb-91-30295,1,user_07
59,BKS-Y,139,clueweb12-0200tw-18-18908,2,user_07
59,BKS-Y,139,clueweb12-0211wb-69-26681,1,user_07
59,BKS-Y,139,clueweb12-0211wb-51-20722,1,user_07
59,BKS-Y,139,clueweb12-0205wb-35-09631,1,user_07
59,BKS-Y,139,clueweb12-0202wb-25-26324,1,user_07
59,BKS-Y,140,clueweb12-0004wb-93-02309,4,user_07
59,BKS-Y,139,clueweb12-0207wb-82-07426,1,user_07
59,BKS-Y,139,clueweb12-0007wb-65-03448,3,user_07
59,BKS-Y,140,clueweb12-0105wb-43-12854,4,user_07
59,BKS-Y,140,clueweb12-0011wb-73-04633,4,user_07
59,BKS-Y,140,clueweb12-0200tw-36-18705,4,user_07
59,BKS-Y,140,clueweb12-0005wb-06-09090,4,user_07
59,BKS-Y,141,clueweb12-0001wb-64-00588,4,user_07
59,BKS-Y,140,clueweb12-0006wb-03-00798,4,user_07
59,BKS-Y,140,clueweb12-0105wb-30-25697,4,user_07
59,BKS-Y,140,clueweb12-0207wb-54-12396,4,user_07
59,BKS-Y,140,clueweb12-0005wb-89-11848,4,user_07
59,BKS-Y,140,clueweb12-0005wb-67-11874,4,user_07
59,BKS-Y,140,clueweb12-0204wb-16-12786,4,user_07
59,BKS-Y,141,clueweb12-0204wb-16-12786,2,user_07
59,BKS-Y,134,clueweb12-0104wb-62-17812,4,user_07
59,BKS-Y,141,clueweb12-0207wb-54-12396,2,user_07
59,BKS-Y,141,clueweb12-0006wb-81-13824,2,user_07
59,BKS-Y,141,clueweb12-0105wb-30-25697,3,user_07
59,BKS-Y,141,clueweb12-0111wb-99-15856,3,user_07
59,BKS-Y,141,clueweb12-0009wb-13-00713,2,user_07
59,BKS-Y,141,clueweb12-0010wb-89-09030,1,user_07
59,BKS-Y,141,clueweb12-0210wb-94-00349,2,user_07
59,BKS-Y,141,clueweb12-0200tw-30-14033,2,user_07
59,BKS-Y,141,clueweb12-0100tw-83-11377,4,user_07
59,BKS-Y,141,clueweb12-0200tw-36-18705,3,user_07
59,BKS-Y,141,clueweb12-0201wb-85-34321,4,user_07
59,BKS-Y,141,clueweb12-0211wb-09-30772,2,user_07
59,BKS-Y,141,clueweb12-0011wb-22-10489,1,user_07
59,BKS-Y,141,clueweb12-0208wb-25-10337,2,user_07
59,BKS-Y,141,clueweb12-0006wb-47-24436,2,user_07
59,BKS-Y,141,clueweb12-0105wb-43-12854,2,user_07
59,BKS-Y,142,clueweb12-0211wb-66-12614,3,user_07
59,BKS-Y,142,clueweb12-0109wb-46-08131,3,user_07
59,BKS-Y,142,clueweb12-0105wb-20-05476,4,user_07
59,BKS-Y,142,clueweb12-0110wb-82-05578,3,user_07
59,BKS-Y,142,clueweb12-0209wb-87-27746,1,user_07
59,BKS-Y,142,clueweb12-0104wb-86-27034,4,user_07
59,BKS-Y,142,clueweb12-0010wb-32-15997,1,user_07
59,BKS-Y,142,clueweb12-0202wb-38-16377,1,user_07
59,BKS-Y,142,clueweb12-0004wb-90-07774,2,user_07
59,BKS-Y,142,clueweb12-0206wb-52-21097,2,user_07
59,BKS-Y,134,clueweb12-0109wb-79-13398,2,user_07
59,BKS-Y,142,clueweb12-0004wb-62-05683,3,user_07
59,BKS-Y,142,clueweb12-0111wb-28-19971,4,user_07
59,BKS-Y,142,clueweb12-0201wb-02-15955,2,user_07
59,BKS-Y,142,clueweb12-0200wb-13-23560,4,user_07
59,BKS-Y,142,clueweb12-0100wb-97-17291,3,user_07
59,BKS-Y,142,clueweb12-0004wb-81-36407,3,user_07
59,BKS-Y,134,clueweb12-0003wb-19-06552,2,user_07
59,BKS-Y,134,clueweb12-0110wb-97-33007,1,user_07
59,BKS-Y,142,clueweb12-0100tw-56-03043,3,user_07
59,BKS-Y,134,clueweb12-0100wb-89-23780,3,user_07
59,BKS-Y,134,clueweb12-0012wb-50-31681,4,user_07
59,BKS-Y,134,clueweb12-0002wb-46-04372,4,user_07
59,BKS-Y,134,clueweb12-0104wb-59-01428,3,user_07
59,BKS-Y,134,clueweb12-0101wb-49-02721,1,user_07
59,BKS-Y,134,clueweb12-0211wb-42-20824,3,user_07
59,BKS-Y,134,clueweb12-0207wb-77-29487,2,user_07
59,BKS-Y,134,clueweb12-0211wb-35-03990,3,user_07
59,BKS-Y,134,clueweb12-0007wb-65-30524,2,user_07
59,BKS-Y,134,clueweb12-0211wb-74-05929,3,user_07
59,BKS-Y,134,clueweb12-0008wb-07-09071,2,user_07
59,BKS-Y,134,clueweb12-0210wb-08-28543,2,user_07
59,BKS-Y,134,clueweb12-0209wb-31-12579,2,user_07
59,BKS-Y,134,clueweb12-0100wb-99-29999,4,user_07
59,BKS-Y,134,clueweb12-0105wb-76-04521,3,user_07
59,BKS-Y,135,clueweb12-0002wb-97-28381,1,user_07
59,BKS-Y,135,clueweb12-0212wb-20-11260,3,user_07
59,BKS-Y,135,clueweb12-0011wb-86-28184,4,user_07
59,BKS-Y,135,clueweb12-0200tw-65-12401,3,user_07
59,BKS-Y,135,clueweb12-0211wb-40-19378,2,user_07
59,BKS-Y,135,clueweb12-0011wb-69-20507,3,user_07
59,BKS-Y,135,clueweb12-0011wb-27-33743,2,user_07
59,BKS-Y,135,clueweb12-0105wb-34-31269,2,user_07
59,BKS-Y,136,clueweb12-0012wb-79-25444,1,user_07
59,BKS-Y,136,clueweb12-0212wb-14-27984,1,user_07
59,BKS-Y,136,clueweb12-0205wb-11-19939,1,user_07
59,BKS-Y,136,clueweb12-0210wb-43-32009,1,user_07
59,BKS-Y,136,clueweb12-0200tw-16-05745,1,user_07
59,BKS-Y,136,clueweb12-0204wb-83-13787,1,user_07
59,BKS-Y,136,clueweb12-0210wb-91-26647,1,user_07
59,BKS-Y,136,clueweb12-0013wb-73-25277,1,user_07
59,BKS-Y,137,clueweb12-0208wb-54-09384,1,user_07
59,BKS-Y,137,clueweb12-0109wb-49-13749,4,user_07
59,BKS-Y,137,clueweb12-0211wb-84-02441,2,user_07
59,BKS-Y,137,clueweb12-0008wb-07-09071,2,user_07
59,BKS-Y,137,clueweb12-0109wb-35-17268,2,user_07
59,BKS-Y,137,clueweb12-0110wb-31-17908,1,user_07
59,BKS-Y,137,clueweb12-0202wb-86-04277,3,user_07
59,BKS-Y,137,clueweb12-0107wb-79-23939,3,user_07
59,BKS-Y,138,clueweb12-0104wb-58-12082,1,user_07
59,BKS-Y,138,clueweb12-0004wb-95-25849,1,user_07
59,BKS-Y,138,clueweb12-0109wb-14-08082,1,user_07
59,BKS-Y,138,clueweb12-0100tw-75-17511,1,user_07
59,BKS-Y,138,clueweb12-0202wb-37-25613,2,user_07
59,BKS-Y,138,clueweb12-0106wb-16-03787,2,user_07
59,BKS-Y,138,clueweb12-0001wb-32-02496,1,user_07
59,BKS-Y,139,clueweb12-0204wb-72-11520,1,user_07
59,BKS-Y,139,clueweb12-0009wb-73-08031,1,user_07
59,BKS-Y,139,clueweb12-0001wb-73-36580,1,user_07
59,BKS-Y,139,clueweb12-0212wb-00-23975,1,user_07
59,BKS-Y,139,clueweb12-0210wb-30-25991,1,user_07
59,BKS-Y,139,clueweb12-0206wb-55-24711,1,user_07
59,BKS-Y,139,clueweb12-0009wb-94-03137,1,user_07
59,BKS-Y,139,clueweb12-0203wb-48-07616,1,user_07
59,BKS-Y,140,clueweb12-0012wb-14-26898,4,user_07
59,BKS-Y,140,clueweb12-0210wb-90-19103,1,user_07
59,BKS-Y,140,clueweb12-0006wb-47-24436,4,user_07
59,BKS-Y,140,clueweb12-0004wb-76-14818,4,user_07
59,BKS-Y,140,clueweb12-0009wb-37-22303,4,user_07
59,BKS-Y,140,clueweb12-0005wb-06-09104,4,user_07
59,BKS-Y,140,clueweb12-0006wb-91-14750,4,user_07
59,BKS-Y,140,clueweb12-0110wb-42-10166,1,user_07
59,BKS-Y,141,clueweb12-0210wb-87-27490,2,user_07
59,BKS-Y,142,clueweb12-0006wb-54-20138,2,user_07
156,TRVL-BT,211,clueweb12-0011wb-71-28694,3,user_16
156,TRVL-BT,211,clueweb12-0008wb-77-03765,2,user_16
156,TRVL-BT,211,clueweb12-0111wb-97-32065,2,user_16
156,TRVL-BT,211,clueweb12-0008wb-40-18556,2,user_16
156,TRVL-BT,211,clueweb12-0100tw-61-19549,3,user_16
156,TRVL-BT,212,clueweb12-0109wb-39-29520,3,user_16
156,TRVL-BT,212,clueweb12-0203wb-70-31646,3,user_16
156,TRVL-BT,212,clueweb12-0005wb-42-11510,3,user_16
156,TRVL-BT,212,clueweb12-0101wb-05-26401,3,user_16
156,TRVL-BT,212,clueweb12-0109wb-41-18641,4,user_16
156,TRVL-BT,213,clueweb12-0107wb-29-14474,2,user_16
156,TRVL-BT,213,clueweb12-0200tw-31-07845,2,user_16
156,TRVL-BT,213,clueweb12-0106wb-71-06551,2,user_16
156,TRVL-BT,213,clueweb12-0108wb-10-09344,3,user_16
156,TRVL-BT,213,clueweb12-0001wb-22-01959,2,user_16
59,BKS-Y,142,clueweb12-0105wb-26-18775,3,user_07
156,TRVL-BT,214,clueweb12-0201wb-05-06700,3,user_16
156,TRVL-BT,214,clueweb12-0100wb-55-02354,3,user_16
156,TRVL-BT,214,clueweb12-0005wb-86-08292,3,user_16
156,TRVL-BT,214,clueweb12-0001wb-57-30849,2,user_16
156,TRVL-BT,215,clueweb12-0200tw-31-07845,3,user_16
156,TRVL-BT,215,clueweb12-0108wb-10-09344,3,user_16
156,TRVL-BT,215,clueweb12-0005wb-01-04535,3,user_16
156,TRVL-BT,215,clueweb12-0200tw-61-19188,2,user_16
156,TRVL-BT,215,clueweb12-0001wb-57-30849,3,user_16
156,TRVL-BT,215,clueweb12-0112wb-43-20299,2,user_16
156,TRVL-BT,215,clueweb12-0008wb-82-27970,3,user_16
156,TRVL-BT,215,clueweb12-0100tw-22-15242,2,user_16
156,TRVL-BT,215,clueweb12-0100tw-50-23902,3,user_16
54,MSC-A,181,clueweb12-0100tw-38-09927,4,user_02
54,MSC-A,181,clueweb12-0100tw-17-22094,2,user_02
54,MSC-A,181,clueweb12-0203wb-36-21732,3,user_02
54,MSC-A,181,clueweb12-0002wb-71-27211,3,user_02
54,MSC-A,182,clueweb12-0009wb-79-10385,4,user_02
54,MSC-A,181,clueweb12-0100tw-69-15655,3,user_02
54,MSC-A,181,clueweb12-0000wb-42-19152,4,user_02
54,MSC-A,181,clueweb12-0006wb-36-01385,1,user_02
54,MSC-A,181,clueweb12-0100tw-22-11131,3,user_02
54,MSC-A,181,clueweb12-0000tw-02-07584,4,user_02
54,MSC-A,181,clueweb12-0107wb-93-21621,1,user_02
54,MSC-A,181,clueweb12-0001wb-43-07434,3,user_02
54,MSC-A,181,clueweb12-0003wb-28-23146,2,user_02
54,MSC-A,181,clueweb12-0100tw-23-01068,4,user_02
54,MSC-A,181,clueweb12-0200tw-06-02405,3,user_02
54,MSC-A,181,clueweb12-0100tw-27-04111,1,user_02
54,MSC-A,181,clueweb12-0200tw-90-11421,2,user_02
54,MSC-A,181,clueweb12-0103wb-89-02395,4,user_02
54,MSC-A,181,clueweb12-0203wb-94-00337,3,user_02
54,MSC-A,182,clueweb12-0110wb-94-08535,4,user_02
54,MSC-A,182,clueweb12-0001wb-49-02381,2,user_02
54,MSC-A,183,clueweb12-0000wb-58-38485,1,user_02
54,MSC-A,182,clueweb12-0100wb-88-01641,4,user_02
54,MSC-A,182,clueweb12-0200tw-23-09613,3,user_02
54,MSC-A,182,clueweb12-0011wb-21-35150,4,user_02
54,MSC-A,182,clueweb12-0000tw-34-09971,4,user_02
54,MSC-A,182,clueweb12-0010wb-35-09522,2,user_02
54,MSC-A,182,clueweb12-0100tw-84-15136,4,user_02
54,MSC-A,182,clueweb12-0002wb-92-00629,1,user_02
54,MSC-A,182,clueweb12-0009wb-19-29118,4,user_02
54,MSC-A,182,clueweb12-0010wb-80-18258,4,user_02
54,MSC-A,182,clueweb12-0011wb-26-31369,4,user_02
54,MSC-A,182,clueweb12-0000tw-14-04296,4,user_02
54,MSC-A,183,clueweb12-0103wb-22-01539,1,user_02
54,MSC-A,183,clueweb12-0204wb-33-08832,3,user_02
54,MSC-A,183,clueweb12-0000tw-30-05067,3,user_02
54,MSC-A,183,clueweb12-0206wb-87-33363,3,user_02
54,MSC-A,183,clueweb12-0003wb-55-30482,3,user_02
54,MSC-A,184,clueweb12-0100wb-00-16751,1,user_02
54,MSC-A,183,clueweb12-0108wb-94-12336,2,user_02
54,MSC-A,183,clueweb12-0112wb-31-30819,3,user_02
54,MSC-A,183,clueweb12-0009wb-78-10256,3,user_02
54,MSC-A,183,clueweb12-0100wb-06-01338,4,user_02
54,MSC-A,183,clueweb12-0008wb-99-25410,1,user_02
54,MSC-A,183,clueweb12-0009wb-49-01694,1,user_02
54,MSC-A,184,clueweb12-0111wb-46-15628,2,user_02
54,MSC-A,184,clueweb12-0002wb-08-16396,4,user_02
54,MSC-A,184,clueweb12-0210wb-65-08843,1,user_02
54,MSC-A,184,clueweb12-0100tw-67-10604,4,user_02
54,MSC-A,184,clueweb12-0007wb-12-33145,3,user_02
54,MSC-A,184,clueweb12-0106wb-02-28938,2,user_02
54,MSC-A,184,clueweb12-0202wb-70-08790,4,user_02
54,MSC-A,181,clueweb12-0100tw-23-22967,3,user_02
54,MSC-A,185,clueweb12-0109wb-31-29057,1,user_02
54,MSC-A,185,clueweb12-0203wb-47-34039,1,user_02
54,MSC-A,185,clueweb12-0209wb-20-03939,1,user_02
54,MSC-A,185,clueweb12-0006wb-17-12546,1,user_02
153,SPRT-YP,188,clueweb12-0112wb-51-32450,1,user_13
153,SPRT-YP,188,clueweb12-0206wb-80-30642,2,user_13
156,TRVL-BT,210,clueweb12-0005wb-32-23055,4,user_16
156,TRVL-BT,210,clueweb12-0100wb-24-21347,4,user_16
153,SPRT-YP,188,clueweb12-0108wb-44-16662,3,user_13
156,TRVL-BT,210,clueweb12-0101wb-72-11666,3,user_16
156,TRVL-BT,210,clueweb12-0212wb-25-30675,3,user_16
153,SPRT-YP,188,clueweb12-0207wb-69-29429,1,user_13
54,MSC-A,182,clueweb12-0100tw-16-02413,4,user_02
54,MSC-A,182,clueweb12-0004wb-96-10894,2,user_02
54,MSC-A,182,clueweb12-0200tw-22-14445,4,user_02
54,MSC-A,182,clueweb12-0000tw-28-19003,2,user_02
54,MSC-A,182,clueweb12-0006wb-01-06916,4,user_02
54,MSC-A,183,clueweb12-0105wb-02-30649,4,user_02
54,MSC-A,183,clueweb12-0003wb-04-08357,4,user_02
54,MSC-A,183,clueweb12-0011wb-51-17313,2,user_02
54,MSC-A,183,clueweb12-0012wb-57-28943,3,user_02
54,MSC-A,183,clueweb12-0102wb-70-29448,2,user_02
54,MSC-A,183,clueweb12-0103wb-94-17647,1,user_02
54,MSC-A,183,clueweb12-0105wb-38-29940,2,user_02
54,MSC-A,184,clueweb12-0001wb-52-18094,2,user_02
54,MSC-A,184,clueweb12-0109wb-07-29112,3,user_02
54,MSC-A,184,clueweb12-0202wb-78-07275,4,user_02
54,MSC-A,184,clueweb12-0001wb-37-14060,4,user_02
54,MSC-A,184,clueweb12-0002wb-24-34383,1,user_02
54,MSC-A,184,clueweb12-0000wb-83-10192,3,user_02
54,MSC-A,184,clueweb12-0006wb-01-15232,3,user_02
54,MSC-A,184,clueweb12-0110wb-68-06287,2,user_02
54,MSC-A,184,clueweb12-0007wb-05-17236,3,user_02
54,MSC-A,184,clueweb12-0010wb-85-10835,4,user_02
54,MSC-A,184,clueweb12-0006wb-77-13074,4,user_02
54,MSC-A,185,clueweb12-0111wb-40-18898,1,user_02
54,MSC-A,185,clueweb12-0006wb-32-26930,1,user_02
54,MSC-A,185,clueweb12-0100tw-73-09436,1,user_02
54,MSC-A,185,clueweb12-0100tw-02-07417,1,user_02
54,MSC-A,185,clueweb12-0103wb-90-31743,1,user_02
54,MSC-A,185,clueweb12-0109wb-19-21480,1,user_02
54,MSC-A,185,clueweb12-0002wb-84-19506,1,user_02
54,MSC-A,185,clueweb12-0209wb-67-30364,1,user_02
54,MSC-A,185,clueweb12-0110wb-80-00111,1,user_02
54,MSC-A,185,clueweb12-0201wb-27-18509,1,user_02
54,MSC-A,185,clueweb12-0202wb-83-01191,1,user_02
54,MSC-A,185,clueweb12-0008wb-11-22156,1,user_02
54,MSC-A,185,clueweb12-0002wb-43-01918,1,user_02
54,MSC-A,185,clueweb12-0203wb-38-12178,1,user_02
54,MSC-A,185,clueweb12-0109wb-15-09439,1,user_02
153,SPRT-YP,188,clueweb12-0204wb-58-29042,2,user_13
153,SPRT-YP,189,clueweb12-0011wb-03-07154,1,user_13
153,SPRT-YP,188,clueweb12-0211wb-97-31944,1,user_13
153,SPRT-YP,188,clueweb12-0106wb-76-33081,3,user_13
153,SPRT-YP,188,clueweb12-0111wb-43-19434,2,user_13
153,SPRT-YP,189,clueweb12-0000wb-54-32047,4,user_13
153,SPRT-YP,189,clueweb12-0004wb-55-00055,1,user_13
153,SPRT-YP,189,clueweb12-0011wb-44-33132,1,user_13
153,SPRT-YP,189,clueweb12-0009wb-12-14822,1,user_13
153,SPRT-YP,189,clueweb12-0106wb-20-31451,1,user_13
153,SPRT-YP,189,clueweb12-0100tw-59-08241,1,user_13
153,SPRT-YP,189,clueweb12-0211wb-33-02409,3,user_13
153,SPRT-YP,189,clueweb12-0011wb-32-14505,1,user_13
153,SPRT-YP,190,clueweb12-0000tw-37-01194,3,user_13
153,SPRT-YP,189,clueweb12-0010wb-91-02436,1,user_13
153,SPRT-YP,189,clueweb12-0011wb-59-20394,1,user_13
153,SPRT-YP,190,clueweb12-0004wb-19-23436,3,user_13
153,SPRT-YP,190,clueweb12-0100tw-06-12980,3,user_13
153,SPRT-YP,190,clueweb12-0109wb-84-09771,1,user_13
153,SPRT-YP,190,clueweb12-0100tw-08-05769,3,user_13
153,SPRT-YP,190,clueweb12-0109wb-49-03433,3,user_13
153,SPRT-YP,190,clueweb12-0100tw-11-00676,3,user_13
153,SPRT-YP,191,clueweb12-0104wb-08-08223,1,user_13
153,SPRT-YP,190,clueweb12-0000tw-27-00693,3,user_13
153,SPRT-YP,190,clueweb12-0100tw-09-03597,3,user_13
153,SPRT-YP,190,clueweb12-0200tw-76-13614,3,user_13
153,SPRT-YP,190,clueweb12-0100tw-49-14231,2,user_13
153,SPRT-YP,191,clueweb12-0001wb-98-02981,1,user_13
153,SPRT-YP,191,clueweb12-0100tw-05-23968,1,user_13
153,SPRT-YP,191,clueweb12-0101wb-56-03543,1,user_13
153,SPRT-YP,191,clueweb12-0104wb-26-21891,1,user_13
153,SPRT-YP,191,clueweb12-0103wb-09-21031,1,user_13
153,SPRT-YP,191,clueweb12-0012wb-95-22492,1,user_13
153,SPRT-YP,192,clueweb12-0011wb-66-10962,1,user_13
153,SPRT-YP,191,clueweb12-0100wb-38-27926,1,user_13
153,SPRT-YP,191,clueweb12-0208wb-04-31027,1,user_13
153,SPRT-YP,191,clueweb12-0208wb-68-03439,1,user_13
153,SPRT-YP,191,clueweb12-0011wb-14-21280,1,user_13
153,SPRT-YP,192,clueweb12-0201wb-97-13871,1,user_13
153,SPRT-YP,192,clueweb12-0106wb-10-23062,1,user_13
153,SPRT-YP,192,clueweb12-0106wb-87-17691,1,user_13
153,SPRT-YP,192,clueweb12-0006wb-87-08068,1,user_13
153,SPRT-YP,192,clueweb12-0110wb-81-20286,1,user_13
153,SPRT-YP,192,clueweb12-0001wb-53-22241,1,user_13
153,SPRT-YP,192,clueweb12-0208wb-58-20250,1,user_13
153,SPRT-YP,192,clueweb12-0003wb-44-14517,2,user_13
153,SPRT-YP,192,clueweb12-0203wb-86-20871,1,user_13
153,SPRT-YP,192,clueweb12-0100wb-35-01245,1,user_13
153,SPRT-YP,188,clueweb12-0106wb-69-02142,3,user_13
153,SPRT-YP,188,clueweb12-0111wb-34-33214,3,user_13
153,SPRT-YP,188,clueweb12-0206wb-57-01793,2,user_13
155,TRVL-BT,193,clueweb12-0200wb-10-07257,4,user_15
153,SPRT-YP,188,clueweb12-0207wb-83-09545,2,user_13
153,SPRT-YP,188,clueweb12-0109wb-98-34911,3,user_13
155,TRVL-BT,193,clueweb12-0110wb-24-31405,4,user_15
153,SPRT-YP,188,clueweb12-0112wb-39-01751,1,user_13
153,SPRT-YP,188,clueweb12-0203wb-22-03360,2,user_13
155,TRVL-BT,194,clueweb12-0210wb-89-28690,3,user_15
153,SPRT-YP,188,clueweb12-0203wb-51-01472,2,user_13
153,SPRT-YP,188,clueweb12-0005wb-35-08388,3,user_13
153,SPRT-YP,188,clueweb12-0207wb-93-25758,1,user_13
153,SPRT-YP,188,clueweb12-0108wb-85-30233,1,user_13
153,SPRT-YP,189,clueweb12-0009wb-54-27768,1,user_13
153,SPRT-YP,189,clueweb12-0004wb-32-07015,1,user_13
153,SPRT-YP,189,clueweb12-0011wb-65-26511,1,user_13
153,SPRT-YP,189,clueweb12-0003wb-70-12099,1,user_13
153,SPRT-YP,189,clueweb12-0200tw-36-17953,1,user_13
153,SPRT-YP,189,clueweb12-0101wb-68-08234,1,user_13
153,SPRT-YP,189,clueweb12-0209wb-83-02775,1,user_13
153,SPRT-YP,189,clueweb12-0006wb-97-05885,1,user_13
153,SPRT-YP,190,clueweb12-0103wb-53-29919,2,user_13
153,SPRT-YP,190,clueweb12-0201wb-72-21349,3,user_13
153,SPRT-YP,190,clueweb12-0104wb-81-18133,2,user_13
153,SPRT-YP,190,clueweb12-0104wb-89-30654,1,user_13
153,SPRT-YP,190,clueweb12-0110wb-25-34124,1,user_13
153,SPRT-YP,190,clueweb12-0111wb-71-18870,2,user_13
153,SPRT-YP,190,clueweb12-0103wb-53-29933,1,user_13
153,SPRT-YP,190,clueweb12-0111wb-36-16082,1,user_13
153,SPRT-YP,191,clueweb12-0007wb-70-00420,1,user_13
153,SPRT-YP,191,clueweb12-0208wb-28-09386,1,user_13
153,SPRT-YP,191,clueweb12-0209wb-52-26673,1,user_13
153,SPRT-YP,191,clueweb12-0008wb-35-24252,1,user_13
153,SPRT-YP,191,clueweb12-0101wb-70-11251,1,user_13
153,SPRT-YP,191,clueweb12-0108wb-07-18593,1,user_13
153,SPRT-YP,191,clueweb12-0200wb-35-18836,1,user_13
153,SPRT-YP,191,clueweb12-0207wb-17-11149,1,user_13
153,SPRT-YP,192,clueweb12-0003wb-38-33179,1,user_13
153,SPRT-YP,192,clueweb12-0010wb-77-08889,1,user_13
153,SPRT-YP,192,clueweb12-0104wb-96-13798,1,user_13
153,SPRT-YP,192,clueweb12-0200tw-43-20634,1,user_13
153,SPRT-YP,192,clueweb12-0211wb-39-26532,1,user_13
153,SPRT-YP,192,clueweb12-0207wb-61-33374,1,user_13
153,SPRT-YP,192,clueweb12-0209wb-69-12249,1,user_13
153,SPRT-YP,192,clueweb12-0005wb-68-06607,1,user_13
155,TRVL-BT,193,clueweb12-0109wb-00-05194,2,user_15
155,TRVL-BT,194,clueweb12-0002wb-06-02576,2,user_15
155,TRVL-BT,193,clueweb12-0108wb-76-25299,4,user_15
155,TRVL-BT,193,clueweb12-0012wb-81-01879,4,user_15
155,TRVL-BT,193,clueweb12-0006wb-44-03569,3,user_15
155,TRVL-BT,193,clueweb12-0205wb-14-30474,3,user_15
155,TRVL-BT,194,clueweb12-0003wb-31-13875,2,user_15
155,TRVL-BT,194,clueweb12-0003wb-06-17109,2,user_15
155,TRVL-BT,194,clueweb12-0002wb-47-33757,3,user_15
155,TRVL-BT,194,clueweb12-0003wb-43-34416,3,user_15
155,TRVL-BT,194,clueweb12-0200wb-92-22990,3,user_15
155,TRVL-BT,194,clueweb12-0002wb-20-30685,3,user_15
155,TRVL-BT,194,clueweb12-0202wb-47-19914,3,user_15
155,TRVL-BT,193,clueweb12-0109wb-02-17566,2,user_15
155,TRVL-BT,194,clueweb12-0001wb-65-07596,2,user_15
155,TRVL-BT,194,clueweb12-0002wb-20-30699,3,user_15
155,TRVL-BT,194,clueweb12-0003wb-31-13889,3,user_15
155,TRVL-BT,194,clueweb12-0206wb-18-02592,4,user_15
155,TRVL-BT,194,clueweb12-0205wb-37-06803,4,user_15
155,TRVL-BT,195,clueweb12-0008wb-63-18683,3,user_15
155,TRVL-BT,195,clueweb12-0001wb-65-07582,2,user_15
155,TRVL-BT,194,clueweb12-0002wb-60-22751,3,user_15
155,TRVL-BT,194,clueweb12-0002wb-90-13635,3,user_15
155,TRVL-BT,195,clueweb12-0200wb-35-09341,3,user_15
155,TRVL-BT,195,clueweb12-0010wb-17-11762,4,user_15
155,TRVL-BT,195,clueweb12-0210wb-69-22174,2,user_15
155,TRVL-BT,194,clueweb12-0205wb-38-09753,3,user_15
155,TRVL-BT,194,clueweb12-0002wb-74-26372,3,user_15
155,TRVL-BT,194,clueweb12-0002wb-90-13649,3,user_15
155,TRVL-BT,193,clueweb12-0001wb-90-30067,3,user_15
155,TRVL-BT,193,clueweb12-0011wb-70-24541,4,user_15
155,TRVL-BT,193,clueweb12-0209wb-11-18663,2,user_15
155,TRVL-BT,193,clueweb12-0201wb-49-07524,4,user_15
155,TRVL-BT,193,clueweb12-0201wb-72-06831,4,user_15
155,TRVL-BT,193,clueweb12-0212wb-22-21051,4,user_15
155,TRVL-BT,193,clueweb12-0001wb-20-13122,4,user_15
155,TRVL-BT,193,clueweb12-0203wb-59-24074,3,user_15
155,TRVL-BT,193,clueweb12-0201wb-54-01540,3,user_15
155,TRVL-BT,193,clueweb12-0005wb-76-12586,4,user_15
155,TRVL-BT,193,clueweb12-0201wb-27-04465,3,user_15
156,TRVL-BT,210,clueweb12-0004wb-25-35818,2,user_16
156,TRVL-BT,210,clueweb12-0008wb-65-30316,3,user_16
156,TRVL-BT,210,clueweb12-0101wb-54-24300,3,user_16
156,TRVL-BT,210,clueweb12-0109wb-62-01865,3,user_16
156,TRVL-BT,210,clueweb12-0106wb-33-34168,4,user_16
156,TRVL-BT,210,clueweb12-0110wb-70-05320,3,user_16
156,TRVL-BT,210,clueweb12-0110wb-47-01736,2,user_16
156,TRVL-BT,210,clueweb12-0110wb-27-24337,2,user_16
156,TRVL-BT,210,clueweb12-0000tw-48-15406,4,user_16
156,TRVL-BT,210,clueweb12-0103wb-40-17867,4,user_16
156,TRVL-BT,211,clueweb12-0101wb-95-14183,4,user_16
156,TRVL-BT,211,clueweb12-0000wb-66-05665,2,user_16
156,TRVL-BT,211,clueweb12-0201wb-00-10932,2,user_16
156,TRVL-BT,211,clueweb12-0111wb-81-16493,2,user_16
156,TRVL-BT,211,clueweb12-0111wb-75-07820,2,user_16
156,TRVL-BT,211,clueweb12-0112wb-30-30243,3,user_16
155,TRVL-BT,196,clueweb12-0110wb-52-31729,2,user_15
155,TRVL-BT,196,clueweb12-0104wb-16-16216,2,user_15
155,TRVL-BT,196,clueweb12-0002wb-34-12125,3,user_15
155,TRVL-BT,196,clueweb12-0207wb-59-26840,3,user_15
155,TRVL-BT,196,clueweb12-0212wb-15-13562,2,user_15
155,TRVL-BT,196,clueweb12-0001wb-60-00448,2,user_15
155,TRVL-BT,196,clueweb12-0011wb-12-22295,2,user_15
155,TRVL-BT,196,clueweb12-0106wb-34-29133,2,user_15
155,TRVL-BT,197,clueweb12-0908wb-03-07332,1,user_15
155,TRVL-BT,197,clueweb12-0603wb-99-10498,1,user_15
155,TRVL-BT,197,clueweb12-0908wb-86-17742,1,user_15
155,TRVL-BT,197,clueweb12-0210wb-36-15037,1,user_15
155,TRVL-BT,197,clueweb12-0108wb-19-17150,1,user_15
155,TRVL-BT,197,clueweb12-1016wb-89-10716,1,user_15
155,TRVL-BT,197,clueweb12-0000wb-18-30741,1,user_15
155,TRVL-BT,197,clueweb12-0001wb-01-13398,1,user_15
155,TRVL-BT,197,clueweb12-1704wb-47-03586,1,user_15
155,TRVL-BT,197,clueweb12-0303wb-28-18692,1,user_15
155,TRVL-BT,197,clueweb12-0001wb-17-35453,1,user_15
155,TRVL-BT,198,clueweb12-0107wb-96-16600,2,user_15
155,TRVL-BT,198,clueweb12-0007wb-79-16429,1,user_15
155,TRVL-BT,198,clueweb12-0106wb-09-09494,2,user_15
155,TRVL-BT,198,clueweb12-0007wb-51-05054,2,user_15
155,TRVL-BT,198,clueweb12-0208wb-67-13567,2,user_15
155,TRVL-BT,198,clueweb12-0003wb-45-26739,2,user_15
155,TRVL-BT,198,clueweb12-0110wb-37-29868,1,user_15
155,TRVL-BT,198,clueweb12-0200wb-13-24904,2,user_15
155,TRVL-BT,198,clueweb12-0203wb-61-05535,1,user_15
155,TRVL-BT,198,clueweb12-0007wb-13-00560,2,user_15
155,TRVL-BT,198,clueweb12-0203wb-62-32626,1,user_15
155,TRVL-BT,198,clueweb12-0112wb-22-10668,2,user_15
155,TRVL-BT,199,clueweb12-0009wb-14-04887,4,user_15
155,TRVL-BT,199,clueweb12-0001wb-23-05043,3,user_15
155,TRVL-BT,199,clueweb12-0110wb-01-24008,4,user_15
155,TRVL-BT,199,clueweb12-0202wb-46-30371,3,user_15
155,TRVL-BT,199,clueweb12-0210wb-64-06420,2,user_15
155,TRVL-BT,199,clueweb12-0109wb-93-26458,4,user_15
155,TRVL-BT,199,clueweb12-0008wb-74-31770,4,user_15
155,TRVL-BT,199,clueweb12-0013wb-42-37341,4,user_15
155,TRVL-BT,199,clueweb12-0010wb-90-20934,4,user_15
155,TRVL-BT,199,clueweb12-0204wb-16-18774,4,user_15
155,TRVL-BT,200,clueweb12-0008wb-83-34087,1,user_15
155,TRVL-BT,200,clueweb12-0206wb-07-11841,2,user_15
155,TRVL-BT,200,clueweb12-0204wb-41-05360,2,user_15
155,TRVL-BT,200,clueweb12-0201wb-69-19045,2,user_15
155,TRVL-BT,200,clueweb12-0207wb-45-27111,2,user_15
155,TRVL-BT,200,clueweb12-0202wb-31-01443,4,user_15
155,TRVL-BT,200,clueweb12-0200wb-32-11972,3,user_15
155,TRVL-BT,200,clueweb12-0208wb-20-21828,1,user_15
155,TRVL-BT,200,clueweb12-0109wb-44-00335,2,user_15
155,TRVL-BT,200,clueweb12-0108wb-81-30522,2,user_15
155,TRVL-BT,201,clueweb12-0001wb-32-30904,1,user_15
155,TRVL-BT,200,clueweb12-0107wb-84-29287,1,user_15
155,TRVL-BT,201,clueweb12-0012wb-40-24252,3,user_15
155,TRVL-BT,201,clueweb12-0009wb-44-27529,1,user_15
155,TRVL-BT,201,clueweb12-0003wb-42-18943,3,user_15
155,TRVL-BT,201,clueweb12-0200wb-57-02856,2,user_15
155,TRVL-BT,201,clueweb12-0108wb-09-18011,1,user_15
155,TRVL-BT,201,clueweb12-0206wb-56-29755,2,user_15
155,TRVL-BT,201,clueweb12-0202wb-56-00269,1,user_15
155,TRVL-BT,201,clueweb12-0200tw-24-05003,1,user_15
155,TRVL-BT,201,clueweb12-0008wb-97-08652,3,user_15
155,TRVL-BT,201,clueweb12-0200wb-13-08667,1,user_15
155,TRVL-BT,202,clueweb12-0206wb-56-29755,2,user_15
155,TRVL-BT,202,clueweb12-0003wb-42-18943,2,user_15
155,TRVL-BT,202,clueweb12-0200wb-57-02856,2,user_15
155,TRVL-BT,202,clueweb12-0200tw-67-17433,1,user_15
155,TRVL-BT,202,clueweb12-0108wb-09-18011,1,user_15
155,TRVL-BT,202,clueweb12-0012wb-40-24252,2,user_15
155,TRVL-BT,202,clueweb12-0200tw-24-05003,2,user_15
155,TRVL-BT,202,clueweb12-0008wb-97-08652,2,user_15
155,TRVL-BT,202,clueweb12-0009wb-44-27529,1,user_15
155,TRVL-BT,202,clueweb12-0200wb-13-08667,1,user_15
155,TRVL-BT,202,clueweb12-0202wb-56-00269,1,user_15
155,TRVL-BT,203,clueweb12-0004wb-16-17478,2,user_15
155,TRVL-BT,203,clueweb12-0008wb-97-08652,2,user_15
155,TRVL-BT,203,clueweb12-0003wb-42-18943,4,user_15
155,TRVL-BT,203,clueweb12-0007wb-07-09981,2,user_15
155,TRVL-BT,203,clueweb12-0012wb-66-06416,2,user_15
155,TRVL-BT,203,clueweb12-0203wb-70-04249,1,user_15
155,TRVL-BT,203,clueweb12-0200wb-20-29817,1,user_15
155,TRVL-BT,203,clueweb12-0012wb-40-24252,2,user_15
155,TRVL-BT,203,clueweb12-0011wb-10-26220,2,user_15
155,TRVL-BT,203,clueweb12-0010wb-67-14224,2,user_15
155,TRVL-BT,203,clueweb12-0008wb-09-13202,1,user_15
155,TRVL-BT,204,clueweb12-0100tw-14-19267,2,user_15
155,TRVL-BT,204,clueweb12-0012wb-40-24252,2,user_15
155,TRVL-BT,204,clueweb12-0206wb-56-29755,2,user_15
155,TRVL-BT,204,clueweb12-0100tw-49-14782,3,user_15
155,TRVL-BT,204,clueweb12-0208wb-85-00546,2,user_15
155,TRVL-BT,204,clueweb12-0003wb-42-18943,3,user_15
155,TRVL-BT,204,clueweb12-0000tw-21-17233,1,user_15
155,TRVL-BT,204,clueweb12-0008wb-56-03836,1,user_15
155,TRVL-BT,204,clueweb12-0003wb-40-19481,2,user_15
155,TRVL-BT,204,clueweb12-0110wb-01-13332,1,user_15
155,TRVL-BT,199,clueweb12-0206wb-96-15611,1,user_15
155,TRVL-BT,195,clueweb12-0104wb-75-31687,3,user_15
155,TRVL-BT,195,clueweb12-0106wb-94-32267,3,user_15
155,TRVL-BT,195,clueweb12-0204wb-11-20560,2,user_15
155,TRVL-BT,195,clueweb12-0107wb-97-05324,3,user_15
155,TRVL-BT,195,clueweb12-0108wb-40-05957,3,user_15
155,TRVL-BT,195,clueweb12-0204wb-18-09166,3,user_15
155,TRVL-BT,195,clueweb12-0203wb-40-13461,3,user_15
155,TRVL-BT,195,clueweb12-0206wb-82-24635,4,user_15
155,TRVL-BT,195,clueweb12-0200tw-61-04544,3,user_15
155,TRVL-BT,195,clueweb12-0211wb-01-33384,3,user_15
155,TRVL-BT,195,clueweb12-0104wb-46-17197,2,user_15
155,TRVL-BT,195,clueweb12-0203wb-04-15970,2,user_15
155,TRVL-BT,195,clueweb12-0102wb-21-15071,2,user_15
155,TRVL-BT,195,clueweb12-0000wb-77-04066,2,user_15
155,TRVL-BT,196,clueweb12-0005wb-68-17879,3,user_15
155,TRVL-BT,196,clueweb12-0009wb-03-17756,2,user_15
155,TRVL-BT,196,clueweb12-0012wb-16-22616,2,user_15
155,TRVL-BT,196,clueweb12-0111wb-50-31129,3,user_15
155,TRVL-BT,196,clueweb12-0201wb-49-29283,2,user_15
155,TRVL-BT,196,clueweb12-0108wb-36-30264,2,user_15
155,TRVL-BT,196,clueweb12-0205wb-20-29536,2,user_15
155,TRVL-BT,196,clueweb12-0103wb-46-05270,2,user_15
155,TRVL-BT,196,clueweb12-0101wb-89-16436,3,user_15
155,TRVL-BT,196,clueweb12-0005wb-18-08869,2,user_15
155,TRVL-BT,196,clueweb12-0005wb-75-30259,2,user_15
155,TRVL-BT,197,clueweb12-0105wb-58-06163,1,user_15
155,TRVL-BT,197,clueweb12-0708wb-25-08494,1,user_15
155,TRVL-BT,197,clueweb12-0008wb-82-16161,1,user_15
155,TRVL-BT,197,clueweb12-0606wb-76-25287,1,user_15
155,TRVL-BT,197,clueweb12-0815wb-49-33890,1,user_15
155,TRVL-BT,197,clueweb12-1908wb-11-22193,1,user_15
155,TRVL-BT,197,clueweb12-1715wb-66-18201,1,user_15
155,TRVL-BT,197,clueweb12-0209wb-12-28768,1,user_15
155,TRVL-BT,198,clueweb12-0100wb-33-13208,2,user_15
155,TRVL-BT,198,clueweb12-0006wb-80-13165,1,user_15
155,TRVL-BT,198,clueweb12-0006wb-64-24236,2,user_15
155,TRVL-BT,198,clueweb12-0209wb-40-01152,2,user_15
155,TRVL-BT,198,clueweb12-0206wb-35-25551,2,user_15
155,TRVL-BT,198,clueweb12-0107wb-36-34039,3,user_15
155,TRVL-BT,198,clueweb12-0100wb-80-26292,2,user_15
155,TRVL-BT,199,clueweb12-0100wb-50-26398,4,user_15
155,TRVL-BT,199,clueweb12-0201wb-24-27978,4,user_15
155,TRVL-BT,206,clueweb12-0104wb-84-15011,2,user_15
155,TRVL-BT,206,clueweb12-0000wb-12-26588,2,user_15
155,TRVL-BT,206,clueweb12-0006wb-37-07688,2,user_15
155,TRVL-BT,206,clueweb12-0011wb-64-16886,2,user_15
155,TRVL-BT,206,clueweb12-0102wb-93-08740,4,user_15
155,TRVL-BT,206,clueweb12-0102wb-95-12548,2,user_15
155,TRVL-BT,206,clueweb12-0109wb-08-14208,2,user_15
155,TRVL-BT,206,clueweb12-0009wb-43-27909,2,user_15
155,TRVL-BT,206,clueweb12-0206wb-03-24850,2,user_15
155,TRVL-BT,207,clueweb12-0201wb-89-15267,2,user_15
155,TRVL-BT,206,clueweb12-0103wb-11-15360,2,user_15
155,TRVL-BT,207,clueweb12-0002wb-62-10544,2,user_15
155,TRVL-BT,207,clueweb12-0108wb-53-27783,4,user_15
155,TRVL-BT,207,clueweb12-0112wb-26-23092,2,user_15
155,TRVL-BT,207,clueweb12-0002wb-31-15207,2,user_15
155,TRVL-BT,207,clueweb12-0111wb-75-22368,2,user_15
155,TRVL-BT,207,clueweb12-0011wb-09-15166,2,user_15
155,TRVL-BT,208,clueweb12-0011wb-88-21276,3,user_15
155,TRVL-BT,207,clueweb12-0208wb-10-21954,2,user_15
155,TRVL-BT,207,clueweb12-0106wb-51-30840,2,user_15
155,TRVL-BT,207,clueweb12-0209wb-31-06597,2,user_15
155,TRVL-BT,208,clueweb12-0100tw-22-15242,2,user_15
155,TRVL-BT,208,clueweb12-0108wb-10-09344,2,user_15
155,TRVL-BT,208,clueweb12-0203wb-36-19867,3,user_15
155,TRVL-BT,208,clueweb12-0112wb-43-20299,1,user_15
155,TRVL-BT,208,clueweb12-0005wb-49-03612,1,user_15
155,TRVL-BT,208,clueweb12-0001wb-57-30849,1,user_15
155,TRVL-BT,208,clueweb12-0003wb-30-34070,4,user_15
155,TRVL-BT,208,clueweb12-0208wb-90-10099,4,user_15
155,TRVL-BT,199,clueweb12-0210wb-79-02780,2,user_15
155,TRVL-BT,199,clueweb12-0013wb-24-18999,4,user_15
155,TRVL-BT,199,clueweb12-0210wb-47-14690,2,user_15
155,TRVL-BT,199,clueweb12-0109wb-69-33640,2,user_15
155,TRVL-BT,199,clueweb12-0211wb-28-20961,2,user_15
155,TRVL-BT,199,clueweb12-0208wb-07-19275,4,user_15
155,TRVL-BT,200,clueweb12-0012wb-92-31901,2,user_15
155,TRVL-BT,200,clueweb12-0204wb-41-17506,1,user_15
155,TRVL-BT,200,clueweb12-0101wb-46-28569,1,user_15
155,TRVL-BT,200,clueweb12-0200tw-61-04544,2,user_15
155,TRVL-BT,200,clueweb12-0209wb-11-19420,2,user_15
155,TRVL-BT,200,clueweb12-0010wb-87-17168,2,user_15
155,TRVL-BT,200,clueweb12-0203wb-21-24601,2,user_15
155,TRVL-BT,200,clueweb12-0108wb-14-25125,1,user_15
155,TRVL-BT,201,clueweb12-0200wb-84-15739,1,user_15
155,TRVL-BT,201,clueweb12-0209wb-16-22405,3,user_15
155,TRVL-BT,201,clueweb12-0210wb-55-06258,2,user_15
155,TRVL-BT,201,clueweb12-0105wb-91-29908,1,user_15
155,TRVL-BT,201,clueweb12-0203wb-62-32640,2,user_15
155,TRVL-BT,201,clueweb12-0100tw-20-06093,1,user_15
155,TRVL-BT,201,clueweb12-0012wb-32-24963,2,user_15
155,TRVL-BT,201,clueweb12-0204wb-11-20560,2,user_15
155,TRVL-BT,202,clueweb12-0206wb-89-18769,1,user_15
155,TRVL-BT,202,clueweb12-0203wb-70-03123,1,user_15
155,TRVL-BT,202,clueweb12-0105wb-91-29908,1,user_15
155,TRVL-BT,202,clueweb12-0110wb-95-24563,1,user_15
155,TRVL-BT,202,clueweb12-0203wb-46-04334,1,user_15
155,TRVL-BT,202,clueweb12-0012wb-14-24992,2,user_15
155,TRVL-BT,206,clueweb12-0009wb-97-19997,2,user_15
155,TRVL-BT,202,clueweb12-0012wb-32-24963,1,user_15
155,TRVL-BT,202,clueweb12-0203wb-62-32640,2,user_15
155,TRVL-BT,203,clueweb12-0005wb-63-19222,3,user_15
155,TRVL-BT,203,clueweb12-0111wb-15-14822,2,user_15
155,TRVL-BT,203,clueweb12-0210wb-61-18904,2,user_15
155,TRVL-BT,203,clueweb12-0104wb-68-00041,2,user_15
155,TRVL-BT,203,clueweb12-0001wb-27-26104,1,user_15
155,TRVL-BT,203,clueweb12-0013wb-37-19387,1,user_15
155,TRVL-BT,203,clueweb12-0108wb-62-27911,1,user_15
155,TRVL-BT,203,clueweb12-0102wb-76-20343,2,user_15
155,TRVL-BT,204,clueweb12-0006wb-44-03569,2,user_15
155,TRVL-BT,204,clueweb12-0000wb-12-32195,1,user_15
155,TRVL-BT,204,clueweb12-0007wb-81-13576,1,user_15
155,TRVL-BT,204,clueweb12-0100wb-66-16064,1,user_15
155,TRVL-BT,204,clueweb12-0007wb-40-19781,1,user_15
155,TRVL-BT,204,clueweb12-0008wb-86-10195,2,user_15
155,TRVL-BT,204,clueweb12-0202wb-85-24790,1,user_15
156,TRVL-BT,211,clueweb12-0111wb-20-02002,2,user_16
156,TRVL-BT,211,clueweb12-0010wb-87-32617,3,user_16
156,TRVL-BT,211,clueweb12-0010wb-74-20113,3,user_16
156,TRVL-BT,211,clueweb12-0010wb-87-32631,2,user_16
156,TRVL-BT,212,clueweb12-0109wb-28-32094,4,user_16
156,TRVL-BT,212,clueweb12-0111wb-16-05295,3,user_16
156,TRVL-BT,212,clueweb12-0108wb-10-09344,3,user_16
156,TRVL-BT,212,clueweb12-0007wb-64-14578,3,user_16
156,TRVL-BT,212,clueweb12-0005wb-01-04535,3,user_16
156,TRVL-BT,212,clueweb12-0204wb-03-07531,4,user_16
156,TRVL-BT,212,clueweb12-0211wb-52-33146,2,user_16
156,TRVL-BT,212,clueweb12-0202wb-17-29334,4,user_16
156,TRVL-BT,212,clueweb12-0200tw-18-17239,4,user_16
156,TRVL-BT,212,clueweb12-0107wb-42-29906,3,user_16
156,TRVL-BT,212,clueweb12-0204wb-01-26086,2,user_16
156,TRVL-BT,212,clueweb12-0205wb-96-18202,2,user_16
156,TRVL-BT,213,clueweb12-0001wb-57-30849,4,user_16
156,TRVL-BT,213,clueweb12-0201wb-76-26992,3,user_16
156,TRVL-BT,213,clueweb12-0005wb-01-04535,3,user_16
156,TRVL-BT,213,clueweb12-0100tw-50-23902,2,user_16
156,TRVL-BT,213,clueweb12-0201wb-05-06700,3,user_16
156,TRVL-BT,213,clueweb12-0008wb-82-27970,3,user_16
156,TRVL-BT,213,clueweb12-0103wb-48-07998,2,user_16
156,TRVL-BT,213,clueweb12-0100tw-22-15242,3,user_16
156,TRVL-BT,213,clueweb12-0202wb-08-15635,3,user_16
156,TRVL-BT,213,clueweb12-0200tw-61-19188,3,user_16
156,TRVL-BT,213,clueweb12-0002wb-46-11097,3,user_16
156,TRVL-BT,214,clueweb12-0200wb-62-31580,4,user_16
156,TRVL-BT,214,clueweb12-0107wb-09-08538,3,user_16
156,TRVL-BT,214,clueweb12-0102wb-88-18609,2,user_16
156,TRVL-BT,214,clueweb12-0105wb-68-22254,2,user_16
156,TRVL-BT,214,clueweb12-0105wb-70-23018,3,user_16
156,TRVL-BT,214,clueweb12-0108wb-10-09344,3,user_16
156,TRVL-BT,214,clueweb12-0001wb-47-25847,3,user_16
156,TRVL-BT,214,clueweb12-0101wb-59-17051,3,user_16
156,TRVL-BT,214,clueweb12-0009wb-84-01400,3,user_16
156,TRVL-BT,214,clueweb12-0013wb-01-19916,3,user_16
156,TRVL-BT,214,clueweb12-0112wb-43-20299,3,user_16
156,TRVL-BT,214,clueweb12-0100tw-22-15242,3,user_16
156,TRVL-BT,215,clueweb12-0204wb-16-19348,3,user_16
156,TRVL-BT,215,clueweb12-0107wb-22-04962,3,user_16
156,TRVL-BT,215,clueweb12-0002wb-39-08696,3,user_16
156,TRVL-BT,215,clueweb12-0205wb-09-19913,3,user_16
156,TRVL-BT,215,clueweb12-0100tw-66-11273,2,user_16
156,TRVL-BT,215,clueweb12-0107wb-29-14474,3,user_16
156,TRVL-BT,215,clueweb12-0203wb-68-27604,2,user_16
156,TRVL-BT,215,clueweb12-0203wb-42-12866,2,user_16
156,TRVL-BT,215,clueweb12-0201wb-05-06700,3,user_16
155,TRVL-BT,205,clueweb12-0000wb-12-26588,3,user_15
155,TRVL-BT,205,clueweb12-0102wb-93-08740,4,user_15
155,TRVL-BT,205,clueweb12-0009wb-43-27909,2,user_15
155,TRVL-BT,205,clueweb12-0109wb-01-09249,1,user_15
155,TRVL-BT,205,clueweb12-0108wb-44-26692,2,user_15
155,TRVL-BT,205,clueweb12-0009wb-97-19997,2,user_15
155,TRVL-BT,205,clueweb12-0105wb-90-16895,2,user_15
155,TRVL-BT,205,clueweb12-0103wb-24-01096,2,user_15
155,TRVL-BT,205,clueweb12-0006wb-37-07688,2,user_15
155,TRVL-BT,205,clueweb12-0011wb-64-16886,2,user_15
155,TRVL-BT,205,clueweb12-0102wb-95-12548,2,user_15
155,TRVL-BT,205,clueweb12-0206wb-03-24850,1,user_15
155,TRVL-BT,205,clueweb12-0007wb-49-14496,2,user_15
155,TRVL-BT,205,clueweb12-0109wb-08-14208,2,user_15
155,TRVL-BT,205,clueweb12-0101wb-91-11323,2,user_15
155,TRVL-BT,206,clueweb12-0108wb-83-08720,2,user_15
155,TRVL-BT,206,clueweb12-0109wb-46-18253,2,user_15
155,TRVL-BT,206,clueweb12-0204wb-99-07652,2,user_15
155,TRVL-BT,206,clueweb12-0201wb-05-32320,1,user_15
155,TRVL-BT,206,clueweb12-0108wb-53-27783,2,user_15
155,TRVL-BT,206,clueweb12-0002wb-62-10544,2,user_15
155,TRVL-BT,206,clueweb12-0207wb-18-18900,2,user_15
155,TRVL-BT,207,clueweb12-0108wb-74-09082,3,user_15
155,TRVL-BT,207,clueweb12-0001wb-70-15988,2,user_15
155,TRVL-BT,207,clueweb12-0103wb-29-08616,3,user_15
155,TRVL-BT,207,clueweb12-0005wb-31-21042,3,user_15
155,TRVL-BT,207,clueweb12-0003wb-39-05196,3,user_15
155,TRVL-BT,207,clueweb12-0007wb-27-11217,3,user_15
155,TRVL-BT,208,clueweb12-0109wb-08-24166,3,user_15
155,TRVL-BT,208,clueweb12-0009wb-99-13499,4,user_15
155,TRVL-BT,208,clueweb12-0200tw-07-10383,1,user_15
155,TRVL-BT,208,clueweb12-0110wb-61-23896,4,user_15
155,TRVL-BT,208,clueweb12-0203wb-00-23157,2,user_15
155,TRVL-BT,208,clueweb12-0009wb-74-24111,3,user_15
155,TRVL-BT,208,clueweb12-0206wb-14-07406,3,user_15
157,BKS-Y,216,clueweb12-0206wb-70-16880,1,user_17
157,BKS-Y,216,clueweb12-0203wb-21-00839,1,user_17
157,BKS-Y,217,clueweb12-0203wb-23-17659,1,user_17
157,BKS-Y,217,clueweb12-0203wb-27-17054,2,user_17
157,BKS-Y,217,clueweb12-0002wb-85-19140,1,user_17
157,BKS-Y,217,clueweb12-0205wb-62-10024,1,user_17
157,BKS-Y,218,clueweb12-0001wb-94-02858,2,user_17
157,BKS-Y,217,clueweb12-0003wb-36-15714,2,user_17
157,BKS-Y,217,clueweb12-0207wb-53-10686,1,user_17
157,BKS-Y,217,clueweb12-0205wb-62-10010,1,user_17
157,BKS-Y,217,clueweb12-0203wb-66-03350,1,user_17
157,BKS-Y,217,clueweb12-0000wb-20-16204,2,user_17
157,BKS-Y,217,clueweb12-0008wb-61-08182,1,user_17
157,BKS-Y,217,clueweb12-0203wb-94-30872,1,user_17
157,BKS-Y,217,clueweb12-0109wb-33-00013,1,user_17
157,BKS-Y,217,clueweb12-0201wb-18-06154,1,user_17
157,BKS-Y,217,clueweb12-0210wb-78-05117,1,user_17
157,BKS-Y,217,clueweb12-0203wb-46-26690,1,user_17
157,BKS-Y,217,clueweb12-0108wb-92-25479,1,user_17
157,BKS-Y,217,clueweb12-0204wb-19-01469,1,user_17
157,BKS-Y,217,clueweb12-0006wb-81-27184,1,user_17
157,BKS-Y,218,clueweb12-0106wb-61-15440,2,user_17
157,BKS-Y,218,clueweb12-0001wb-02-01875,2,user_17
157,BKS-Y,218,clueweb12-0000tw-25-01377,1,user_17
157,BKS-Y,219,clueweb12-0004wb-92-03737,1,user_17
157,BKS-Y,218,clueweb12-0212wb-24-05003,1,user_17
157,BKS-Y,218,clueweb12-0010wb-82-09314,1,user_17
157,BKS-Y,218,clueweb12-0111wb-57-11335,1,user_17
157,BKS-Y,218,clueweb12-0206wb-52-15471,1,user_17
157,BKS-Y,218,clueweb12-0004wb-08-12043,2,user_17
157,BKS-Y,218,clueweb12-0111wb-76-28141,1,user_17
157,BKS-Y,218,clueweb12-0007wb-77-16023,1,user_17
157,BKS-Y,218,clueweb12-0204wb-13-07049,3,user_17
157,BKS-Y,218,clueweb12-0207wb-86-20469,3,user_17
157,BKS-Y,218,clueweb12-0205wb-44-20546,2,user_17
157,BKS-Y,218,clueweb12-0000tw-02-01142,1,user_17
157,BKS-Y,218,clueweb12-0107wb-44-28478,1,user_17
157,BKS-Y,218,clueweb12-0107wb-38-10377,1,user_17
157,BKS-Y,218,clueweb12-0001wb-96-32733,2,user_17
157,BKS-Y,218,clueweb12-0202wb-96-31245,2,user_17
157,BKS-Y,219,clueweb12-0200wb-24-27083,1,user_17
157,BKS-Y,219,clueweb12-0112wb-69-28958,2,user_17
157,BKS-Y,219,clueweb12-0011wb-48-05708,2,user_17
157,BKS-Y,220,clueweb12-0103wb-11-11849,2,user_17
157,BKS-Y,219,clueweb12-0201wb-29-27961,2,user_17
157,BKS-Y,219,clueweb12-0009wb-94-14489,2,user_17
157,BKS-Y,219,clueweb12-0006wb-60-02673,3,user_17
157,BKS-Y,219,clueweb12-0001wb-37-08432,2,user_17
157,BKS-Y,219,clueweb12-0203wb-18-22793,2,user_17
157,BKS-Y,219,clueweb12-0201wb-38-14817,1,user_17
157,BKS-Y,219,clueweb12-0106wb-39-19363,1,user_17
157,BKS-Y,220,clueweb12-0006wb-89-30501,2,user_17
157,BKS-Y,221,clueweb12-0202wb-58-21294,1,user_17
157,BKS-Y,220,clueweb12-0007wb-42-16539,2,user_17
157,BKS-Y,220,clueweb12-0010wb-97-22296,2,user_17
157,BKS-Y,220,clueweb12-0209wb-49-03143,1,user_17
157,BKS-Y,220,clueweb12-0007wb-30-12397,2,user_17
157,BKS-Y,221,clueweb12-0209wb-43-22016,2,user_17
157,BKS-Y,220,clueweb12-0003wb-55-22572,2,user_17
157,BKS-Y,220,clueweb12-0101wb-97-00088,1,user_17
157,BKS-Y,220,clueweb12-0207wb-73-13784,3,user_17
157,BKS-Y,220,clueweb12-0002wb-29-08833,2,user_17
157,BKS-Y,221,clueweb12-0206wb-20-28946,2,user_17
157,BKS-Y,221,clueweb12-0107wb-94-12705,1,user_17
157,BKS-Y,221,clueweb12-0209wb-71-14177,1,user_17
157,BKS-Y,221,clueweb12-0204wb-61-29180,1,user_17
157,BKS-Y,221,clueweb12-0110wb-75-31929,1,user_17
157,BKS-Y,221,clueweb12-0204wb-08-26090,1,user_17
157,BKS-Y,221,clueweb12-0105wb-85-22954,1,user_17
157,BKS-Y,222,clueweb12-0111wb-12-06782,1,user_17
157,BKS-Y,221,clueweb12-0105wb-16-04299,1,user_17
157,BKS-Y,222,clueweb12-0100wb-38-11133,1,user_17
157,BKS-Y,222,clueweb12-0204wb-46-33527,1,user_17
157,BKS-Y,222,clueweb12-0203wb-50-30025,1,user_17
157,BKS-Y,222,clueweb12-0102wb-55-11903,1,user_17
157,BKS-Y,222,clueweb12-1911wb-01-30175,1,user_17
157,BKS-Y,222,clueweb12-0007wb-61-11246,1,user_17
157,BKS-Y,222,clueweb12-0205wb-81-08890,1,user_17
157,BKS-Y,222,clueweb12-0105wb-51-21448,1,user_17
157,BKS-Y,222,clueweb12-0212wb-17-07802,1,user_17
157,BKS-Y,222,clueweb12-0004wb-28-09272,1,user_17
157,BKS-Y,216,clueweb12-0106wb-19-17833,1,user_17
157,BKS-Y,216,clueweb12-0105wb-37-07364,1,user_17
157,BKS-Y,216,clueweb12-0108wb-12-11365,1,user_17
157,BKS-Y,216,clueweb12-0210wb-03-23920,1,user_17
157,BKS-Y,216,clueweb12-0102wb-82-06684,1,user_17
157,BKS-Y,216,clueweb12-0004wb-96-32839,1,user_17
157,BKS-Y,216,clueweb12-0101wb-18-25098,1,user_17
157,BKS-Y,216,clueweb12-0200wb-28-06597,1,user_17
157,BKS-Y,216,clueweb12-0201wb-24-32427,1,user_17
157,BKS-Y,216,clueweb12-0003wb-61-01959,1,user_17
157,BKS-Y,216,clueweb12-0201wb-76-34510,1,user_17
157,BKS-Y,216,clueweb12-0110wb-17-30339,1,user_17
157,BKS-Y,216,clueweb12-0211wb-62-15164,1,user_17
157,BKS-Y,216,clueweb12-0203wb-38-20834,1,user_17
157,BKS-Y,216,clueweb12-0001wb-33-31623,1,user_17
157,BKS-Y,216,clueweb12-0110wb-59-29158,1,user_17
157,BKS-Y,216,clueweb12-0207wb-95-36154,1,user_17
157,BKS-Y,217,clueweb12-0209wb-97-10458,1,user_17
156,TRVL-BT,214,clueweb12-0005wb-01-04535,2,user_16
156,TRVL-BT,210,clueweb12-0202wb-40-29829,4,user_16
156,TRVL-BT,210,clueweb12-0004wb-76-35495,3,user_16
156,TRVL-BT,210,clueweb12-0012wb-82-11476,3,user_16
156,TRVL-BT,210,clueweb12-0111wb-68-30374,3,user_16
156,TRVL-BT,210,clueweb12-0206wb-87-00223,3,user_16
156,TRVL-BT,211,clueweb12-0201wb-78-24353,2,user_16
156,TRVL-BT,211,clueweb12-0201wb-23-31844,1,user_16
156,TRVL-BT,211,clueweb12-0112wb-06-03445,3,user_16
156,TRVL-BT,211,clueweb12-0202wb-03-26414,2,user_16
156,TRVL-BT,212,clueweb12-0100tw-22-15242,3,user_16
156,TRVL-BT,212,clueweb12-0201wb-12-19229,2,user_16
156,TRVL-BT,213,clueweb12-0003wb-58-05182,3,user_16
156,TRVL-BT,213,clueweb12-0008wb-25-25347,3,user_16
156,TRVL-BT,213,clueweb12-0112wb-43-20299,3,user_16
156,TRVL-BT,214,clueweb12-0005wb-47-00475,3,user_16
156,TRVL-BT,214,clueweb12-0200tw-61-19188,3,user_16
156,TRVL-BT,215,clueweb12-0200tw-07-10383,3,user_16
155,TRVL-BT,205,clueweb12-0204wb-65-23592,2,user_15
155,TRVL-BT,205,clueweb12-0104wb-84-15011,3,user_15
155,TRVL-BT,205,clueweb12-0103wb-11-15360,2,user_15
155,TRVL-BT,205,clueweb12-0104wb-61-03140,2,user_15
155,TRVL-BT,206,clueweb12-0011wb-77-04385,2,user_15
155,TRVL-BT,207,clueweb12-0013wb-71-19240,3,user_15
155,TRVL-BT,207,clueweb12-0104wb-84-15011,4,user_15
155,TRVL-BT,207,clueweb12-0105wb-05-23973,2,user_15
155,TRVL-BT,208,clueweb12-0202wb-33-03627,2,user_15
155,TRVL-BT,208,clueweb12-0210wb-06-10189,4,user_15
155,TRVL-BT,208,clueweb12-0003wb-06-00490,4,user_15
60,TRVL-BT,172,clueweb12-0000wb-69-17053,3,user_08
60,TRVL-BT,172,clueweb12-0101wb-87-01903,2,user_08
60,TRVL-BT,172,clueweb12-0104wb-55-03291,3,user_08
60,TRVL-BT,172,clueweb12-0103wb-93-30134,3,user_08
60,TRVL-BT,172,clueweb12-0200wb-46-22569,3,user_08
60,TRVL-BT,172,clueweb12-0105wb-63-05576,3,user_08
60,TRVL-BT,172,clueweb12-0105wb-24-08718,3,user_08
60,TRVL-BT,172,clueweb12-0011wb-64-16886,3,user_08
60,TRVL-BT,172,clueweb12-0104wb-99-04944,3,user_08
60,TRVL-BT,172,clueweb12-0109wb-48-23382,2,user_08
60,TRVL-BT,172,clueweb12-0108wb-79-28959,3,user_08
60,TRVL-BT,172,clueweb12-0109wb-97-03618,3,user_08
60,TRVL-BT,172,clueweb12-0104wb-90-28258,3,user_08
60,TRVL-BT,172,clueweb12-0105wb-68-03335,3,user_08
60,TRVL-BT,172,clueweb12-0203wb-64-14419,3,user_08
60,TRVL-BT,172,clueweb12-0105wb-07-08979,3,user_08
60,TRVL-BT,251,clueweb12-0207wb-73-19037,3,user_08
60,TRVL-BT,172,clueweb12-0105wb-32-12819,3,user_08
60,TRVL-BT,172,clueweb12-0200wb-63-28660,2,user_08
60,TRVL-BT,251,clueweb12-0109wb-22-14320,4,user_08
60,TRVL-BT,251,clueweb12-0102wb-50-20429,3,user_08
60,TRVL-BT,251,clueweb12-0109wb-48-23382,4,user_08
60,TRVL-BT,251,clueweb12-0108wb-45-28795,4,user_08
60,TRVL-BT,251,clueweb12-0108wb-97-27934,4,user_08
60,TRVL-BT,251,clueweb12-0109wb-91-28554,4,user_08
60,TRVL-BT,251,clueweb12-0111wb-22-34017,4,user_08
60,TRVL-BT,251,clueweb12-0109wb-04-02100,4,user_08
60,TRVL-BT,251,clueweb12-0109wb-14-33976,4,user_08
60,TRVL-BT,251,clueweb12-0109wb-58-19639,4,user_08
60,TRVL-BT,251,clueweb12-0201wb-76-05544,4,user_08
60,TRVL-BT,251,clueweb12-0005wb-04-21995,4,user_08
60,TRVL-BT,251,clueweb12-0104wb-20-00209,4,user_08
60,TRVL-BT,251,clueweb12-0201wb-76-05418,4,user_08
60,TRVL-BT,251,clueweb12-0106wb-28-14072,4,user_08
60,TRVL-BT,251,clueweb12-0109wb-85-17002,3,user_08
60,TRVL-BT,251,clueweb12-0200wb-46-22569,4,user_08
60,TRVL-BT,251,clueweb12-0109wb-24-31083,4,user_08
157,BKS-Y,219,clueweb12-0110wb-71-31129,1,user_17
157,BKS-Y,219,clueweb12-0106wb-09-03164,1,user_17
157,BKS-Y,219,clueweb12-0111wb-69-11206,1,user_17
157,BKS-Y,219,clueweb12-0102wb-16-27984,1,user_17
157,BKS-Y,219,clueweb12-0202wb-24-29227,1,user_17
157,BKS-Y,219,clueweb12-0110wb-19-03584,1,user_17
157,BKS-Y,219,clueweb12-0111wb-83-25089,1,user_17
157,BKS-Y,219,clueweb12-0204wb-09-16967,1,user_17
157,BKS-Y,220,clueweb12-0002wb-50-11480,1,user_17
157,BKS-Y,220,clueweb12-0111wb-15-17695,1,user_17
157,BKS-Y,220,clueweb12-0103wb-79-00139,1,user_17
157,BKS-Y,220,clueweb12-0005wb-14-13076,1,user_17
157,BKS-Y,220,clueweb12-0006wb-18-18021,2,user_17
157,BKS-Y,220,clueweb12-0010wb-34-12377,1,user_17
157,BKS-Y,220,clueweb12-0210wb-44-18163,1,user_17
157,BKS-Y,220,clueweb12-0111wb-42-19370,1,user_17
157,BKS-Y,220,clueweb12-0200wb-65-12557,2,user_17
157,BKS-Y,221,clueweb12-0206wb-79-19436,1,user_17
157,BKS-Y,221,clueweb12-0105wb-28-25190,3,user_17
157,BKS-Y,221,clueweb12-0008wb-80-01121,1,user_17
157,BKS-Y,221,clueweb12-0105wb-56-17637,1,user_17
157,BKS-Y,221,clueweb12-0200wb-83-28458,1,user_17
157,BKS-Y,221,clueweb12-0203wb-08-30995,1,user_17
157,BKS-Y,221,clueweb12-0107wb-34-26466,1,user_17
157,BKS-Y,221,clueweb12-0004wb-30-01987,1,user_17
157,BKS-Y,221,clueweb12-0107wb-40-30300,1,user_17
157,BKS-Y,222,clueweb12-0112wb-09-26065,1,user_17
157,BKS-Y,222,clueweb12-0202wb-74-33279,1,user_17
157,BKS-Y,222,clueweb12-0013wb-55-28341,1,user_17
157,BKS-Y,222,clueweb12-0011wb-32-21132,1,user_17
157,BKS-Y,222,clueweb12-0013wb-72-19322,1,user_17
157,BKS-Y,222,clueweb12-0105wb-69-15830,1,user_17
157,BKS-Y,222,clueweb12-0009wb-34-13545,1,user_17
157,BKS-Y,222,clueweb12-0011wb-18-24458,1,user_17
60,TRVL-BT,172,clueweb12-0105wb-56-20288,3,user_08
151,TRVL-BT,186,clueweb12-0209wb-24-01343,4,user_11
151,TRVL-BT,186,clueweb12-0103wb-78-09170,1,user_11
151,TRVL-BT,186,clueweb12-0003wb-28-11424,3,user_11
151,TRVL-BT,186,clueweb12-0204wb-12-02032,3,user_11
151,TRVL-BT,186,clueweb12-0111wb-73-16663,4,user_11
151,TRVL-BT,186,clueweb12-0011wb-89-22071,2,user_11
151,TRVL-BT,258,clueweb12-0112wb-60-18312,4,user_11
151,TRVL-BT,253,clueweb12-0106wb-31-22967,3,user_11
151,TRVL-BT,253,clueweb12-0203wb-56-25231,3,user_11
151,TRVL-BT,253,clueweb12-0013wb-61-00433,3,user_11
151,TRVL-BT,253,clueweb12-0103wb-36-09350,3,user_11
151,TRVL-BT,254,clueweb12-0210wb-82-03515,4,user_11
151,TRVL-BT,254,clueweb12-0110wb-39-21587,4,user_11
151,TRVL-BT,254,clueweb12-0111wb-61-19935,3,user_11
151,TRVL-BT,255,clueweb12-0209wb-25-30675,4,user_11
151,TRVL-BT,254,clueweb12-0201wb-95-22609,3,user_11
151,TRVL-BT,254,clueweb12-0105wb-45-33307,4,user_11
151,TRVL-BT,254,clueweb12-0103wb-36-09350,3,user_11
151,TRVL-BT,254,clueweb12-0201wb-38-28819,4,user_11
151,TRVL-BT,254,clueweb12-0105wb-83-13069,4,user_11
151,TRVL-BT,254,clueweb12-0013wb-39-15405,4,user_11
151,TRVL-BT,254,clueweb12-0110wb-55-13169,1,user_11
151,TRVL-BT,255,clueweb12-0207wb-06-33115,4,user_11
151,TRVL-BT,255,clueweb12-0209wb-20-15551,3,user_11
151,TRVL-BT,255,clueweb12-0208wb-60-14325,4,user_11
151,TRVL-BT,255,clueweb12-0107wb-70-29165,2,user_11
151,TRVL-BT,256,clueweb12-0012wb-68-02701,4,user_11
151,TRVL-BT,255,clueweb12-0209wb-20-02832,4,user_11
151,TRVL-BT,255,clueweb12-0107wb-11-27622,1,user_11
151,TRVL-BT,255,clueweb12-0000wt-01-07517,3,user_11
151,TRVL-BT,255,clueweb12-0207wb-25-06548,1,user_11
151,TRVL-BT,255,clueweb12-0206wb-52-17461,4,user_11
151,TRVL-BT,255,clueweb12-0209wb-44-18791,3,user_11
151,TRVL-BT,255,clueweb12-0008wb-77-09156,4,user_11
151,TRVL-BT,255,clueweb12-0208wb-68-26815,4,user_11
151,TRVL-BT,256,clueweb12-0108wb-75-00447,2,user_11
151,TRVL-BT,256,clueweb12-0111wb-56-10201,2,user_11
151,TRVL-BT,256,clueweb12-0201wb-11-19961,3,user_11
151,TRVL-BT,256,clueweb12-0211wb-06-30289,2,user_11
151,TRVL-BT,256,clueweb12-0200tw-58-21809,1,user_11
151,TRVL-BT,256,clueweb12-0111wb-90-27759,2,user_11
151,TRVL-BT,256,clueweb12-0210wb-25-08443,2,user_11
151,TRVL-BT,256,clueweb12-0201wb-19-27788,1,user_11
151,TRVL-BT,257,clueweb12-0205wb-91-28450,1,user_11
151,TRVL-BT,256,clueweb12-0202wb-09-13653,1,user_11
151,TRVL-BT,256,clueweb12-0108wb-59-26537,1,user_11
151,TRVL-BT,257,clueweb12-0204wb-01-15731,1,user_11
151,TRVL-BT,257,clueweb12-0007wb-03-01357,2,user_11
151,TRVL-BT,257,clueweb12-0108wb-55-33802,1,user_11
151,TRVL-BT,257,clueweb12-0211wb-87-11044,2,user_11
151,TRVL-BT,257,clueweb12-0209wb-83-12306,1,user_11
151,TRVL-BT,257,clueweb12-0201wb-51-06041,1,user_11
151,TRVL-BT,257,clueweb12-0105wb-45-25383,1,user_11
151,TRVL-BT,253,clueweb12-0110wb-55-13169,1,user_11
151,TRVL-BT,257,clueweb12-0002wb-85-14572,1,user_11
151,TRVL-BT,257,clueweb12-0210wb-04-26476,1,user_11
151,TRVL-BT,257,clueweb12-0201wb-59-27603,1,user_11
151,TRVL-BT,258,clueweb12-0205wb-90-14568,4,user_11
151,TRVL-BT,258,clueweb12-0200wb-81-07663,4,user_11
151,TRVL-BT,258,clueweb12-0108wb-37-27339,4,user_11
151,TRVL-BT,259,clueweb12-0002wb-66-26145,2,user_11
151,TRVL-BT,258,clueweb12-0205wb-50-05899,3,user_11
151,TRVL-BT,258,clueweb12-0112wb-68-25167,4,user_11
151,TRVL-BT,258,clueweb12-0109wb-84-05929,3,user_11
151,TRVL-BT,258,clueweb12-0200wb-56-29456,4,user_11
151,TRVL-BT,258,clueweb12-0004wb-87-03851,4,user_11
151,TRVL-BT,258,clueweb12-0206wb-25-18987,4,user_11
151,TRVL-BT,258,clueweb12-0111wb-90-27759,4,user_11
151,TRVL-BT,258,clueweb12-0108wb-55-33802,4,user_11
151,TRVL-BT,259,clueweb12-0001wb-03-18249,1,user_11
151,TRVL-BT,259,clueweb12-0209wb-42-22381,2,user_11
151,TRVL-BT,259,clueweb12-0010wb-87-02282,2,user_11
151,TRVL-BT,259,clueweb12-0000wb-69-05742,1,user_11
151,TRVL-BT,259,clueweb12-0202wb-81-12294,1,user_11
151,TRVL-BT,259,clueweb12-0203wb-80-17794,1,user_11
151,TRVL-BT,260,clueweb12-0209wb-50-11352,3,user_11
151,TRVL-BT,259,clueweb12-0004wb-16-04129,1,user_11
151,TRVL-BT,259,clueweb12-0009wb-93-18068,1,user_11
151,TRVL-BT,259,clueweb12-0208wb-19-31030,2,user_11
151,TRVL-BT,260,clueweb12-0209wb-67-08484,4,user_11
151,TRVL-BT,260,clueweb12-0212wb-31-05351,3,user_11
151,TRVL-BT,260,clueweb12-0209wb-34-18706,4,user_11
151,TRVL-BT,260,clueweb12-0212wb-13-22300,4,user_11
151,TRVL-BT,260,clueweb12-0212wb-22-02524,3,user_11
151,TRVL-BT,260,clueweb12-0208wb-91-22317,4,user_11
151,TRVL-BT,260,clueweb12-0212wb-13-22314,4,user_11
151,TRVL-BT,260,clueweb12-0211wb-96-29366,3,user_11
151,TRVL-BT,260,clueweb12-0212wb-22-02510,4,user_11
151,TRVL-BT,186,clueweb12-0103wb-36-09350,2,user_11
151,TRVL-BT,186,clueweb12-0208wb-37-00951,1,user_11
151,TRVL-BT,186,clueweb12-0004wb-73-16440,3,user_11
151,TRVL-BT,186,clueweb12-0112wb-58-23241,2,user_11
151,TRVL-BT,186,clueweb12-0206wb-12-29220,2,user_11
151,TRVL-BT,186,clueweb12-0010wb-54-06134,2,user_11
151,TRVL-BT,186,clueweb12-0101wb-31-12734,2,user_11
151,TRVL-BT,186,clueweb12-0100wb-56-28240,4,user_11
151,TRVL-BT,254,clueweb12-0011wb-50-28531,4,user_11
151,TRVL-BT,186,clueweb12-0206wb-87-34685,1,user_11
151,TRVL-BT,186,clueweb12-0009wb-11-17609,2,user_11
151,TRVL-BT,186,clueweb12-0207wb-76-04750,1,user_11
151,TRVL-BT,186,clueweb12-0209wb-55-19862,3,user_11
151,TRVL-BT,186,clueweb12-0202wb-06-03417,2,user_11
151,TRVL-BT,253,clueweb12-0206wb-64-22907,1,user_11
151,TRVL-BT,253,clueweb12-0003wb-92-12327,2,user_11
151,TRVL-BT,254,clueweb12-0201wb-25-31579,1,user_11
151,TRVL-BT,254,clueweb12-0110wb-54-15155,4,user_11
151,TRVL-BT,254,clueweb12-0011wb-48-30509,1,user_11
151,TRVL-BT,254,clueweb12-0200wb-47-10512,4,user_11
151,TRVL-BT,254,clueweb12-0205wb-89-17632,2,user_11
151,TRVL-BT,254,clueweb12-0102wb-18-25772,2,user_11
151,TRVL-BT,254,clueweb12-0201wb-88-20728,3,user_11
151,TRVL-BT,254,clueweb12-0200wb-55-14699,4,user_11
151,TRVL-BT,254,clueweb12-0208wb-15-13792,1,user_11
151,TRVL-BT,254,clueweb12-0010wb-08-23906,1,user_11
151,TRVL-BT,254,clueweb12-0102wb-83-28962,1,user_11
151,TRVL-BT,255,clueweb12-0110wb-54-15155,4,user_11
151,TRVL-BT,255,clueweb12-0207wb-41-18304,3,user_11
151,TRVL-BT,255,clueweb12-0207wb-63-14125,3,user_11
151,TRVL-BT,255,clueweb12-0007wb-21-18125,1,user_11
151,TRVL-BT,256,clueweb12-0010wb-23-16455,1,user_11
151,TRVL-BT,255,clueweb12-0110wb-61-08021,2,user_11
151,TRVL-BT,255,clueweb12-0006wb-11-16455,2,user_11
151,TRVL-BT,256,clueweb12-0200wb-95-26005,1,user_11
151,TRVL-BT,256,clueweb12-0200tw-81-07061,2,user_11
151,TRVL-BT,256,clueweb12-0004wb-56-09073,1,user_11
151,TRVL-BT,256,clueweb12-0108wb-31-32330,1,user_11
151,TRVL-BT,256,clueweb12-0211wb-60-12802,2,user_11
151,TRVL-BT,256,clueweb12-0207wb-41-20490,1,user_11
151,TRVL-BT,256,clueweb12-0012wb-46-12849,1,user_11
151,TRVL-BT,257,clueweb12-0012wb-76-14865,1,user_11
151,TRVL-BT,257,clueweb12-0201wb-59-13988,1,user_11
151,TRVL-BT,257,clueweb12-0012wb-17-07045,1,user_11
151,TRVL-BT,257,clueweb12-0209wb-91-18436,1,user_11
151,TRVL-BT,257,clueweb12-0201wb-40-29309,1,user_11
151,TRVL-BT,257,clueweb12-0200wb-98-30727,1,user_11
151,TRVL-BT,257,clueweb12-0212wb-22-02524,1,user_11
151,TRVL-BT,257,clueweb12-0011wb-07-11693,1,user_11
151,TRVL-BT,253,clueweb12-0011wb-50-28531,2,user_11
151,TRVL-BT,253,clueweb12-0112wb-56-25923,2,user_11
151,TRVL-BT,253,clueweb12-0209wb-08-19518,4,user_11
151,TRVL-BT,253,clueweb12-0007wb-52-17693,2,user_11
151,TRVL-BT,253,clueweb12-0105wb-63-34445,2,user_11
151,TRVL-BT,253,clueweb12-0209wb-13-05924,1,user_11
151,TRVL-BT,253,clueweb12-0204wb-95-11063,1,user_11
151,TRVL-BT,253,clueweb12-0013wb-39-15405,3,user_11
151,TRVL-BT,253,clueweb12-0109wb-28-28816,1,user_11
151,TRVL-BT,253,clueweb12-0002wb-72-35563,4,user_11
151,TRVL-BT,253,clueweb12-0010wb-99-29765,2,user_11
151,TRVL-BT,253,clueweb12-0201wb-95-22609,3,user_11
158,TRVL-BT,261,clueweb12-0111wb-35-15468,3,user_18
158,TRVL-BT,261,clueweb12-0007wb-88-05633,2,user_18
158,TRVL-BT,261,clueweb12-0009wb-94-32158,3,user_18
158,TRVL-BT,261,clueweb12-0008wb-96-16529,4,user_18
158,TRVL-BT,261,clueweb12-0007wb-77-27048,4,user_18
158,TRVL-BT,261,clueweb12-0109wb-53-27527,1,user_18
158,TRVL-BT,261,clueweb12-0010wb-07-30111,2,user_18
158,TRVL-BT,261,clueweb12-0008wb-73-07016,2,user_18
158,TRVL-BT,261,clueweb12-0002wb-35-25966,3,user_18
158,TRVL-BT,261,clueweb12-0203wb-36-28444,1,user_18
158,TRVL-BT,261,clueweb12-0108wb-00-16885,4,user_18
158,TRVL-BT,261,clueweb12-0208wb-23-16294,4,user_18
158,TRVL-BT,261,clueweb12-0207wb-06-09319,2,user_18
158,TRVL-BT,261,clueweb12-0207wb-69-26105,2,user_18
158,TRVL-BT,261,clueweb12-0001wb-67-04664,1,user_18
158,TRVL-BT,261,clueweb12-0010wb-36-24862,2,user_18
158,TRVL-BT,261,clueweb12-0012wb-65-18461,4,user_18
158,TRVL-BT,261,clueweb12-0008wb-60-26577,4,user_18
151,TRVL-BT,258,clueweb12-0201wb-66-02846,4,user_11
151,TRVL-BT,258,clueweb12-0003wb-25-21742,4,user_11
151,TRVL-BT,258,clueweb12-0200wb-02-25522,1,user_11
151,TRVL-BT,259,clueweb12-0013wb-69-03995,1,user_11
151,TRVL-BT,258,clueweb12-0203wb-07-17454,4,user_11
151,TRVL-BT,258,clueweb12-0202wb-14-29523,4,user_11
151,TRVL-BT,258,clueweb12-0205wb-84-06695,4,user_11
151,TRVL-BT,258,clueweb12-0205wb-90-14582,4,user_11
151,TRVL-BT,259,clueweb12-0012wb-65-10069,2,user_11
151,TRVL-BT,259,clueweb12-0211wb-25-30067,2,user_11
151,TRVL-BT,259,clueweb12-0003wb-31-13665,2,user_11
151,TRVL-BT,259,clueweb12-0203wb-66-23760,1,user_11
151,TRVL-BT,259,clueweb12-0207wb-40-33370,1,user_11
151,TRVL-BT,259,clueweb12-0011wb-94-10774,2,user_11
151,TRVL-BT,259,clueweb12-0209wb-17-00994,1,user_11
151,TRVL-BT,259,clueweb12-0008wb-38-23155,1,user_11
151,TRVL-BT,260,clueweb12-0107wb-74-28832,4,user_11
151,TRVL-BT,260,clueweb12-0012wb-78-09243,4,user_11
151,TRVL-BT,260,clueweb12-0011wb-67-02827,1,user_11
151,TRVL-BT,260,clueweb12-0211wb-25-30067,4,user_11
151,TRVL-BT,260,clueweb12-0012wb-65-10069,3,user_11
151,TRVL-BT,260,clueweb12-0111wb-02-19684,2,user_11
151,TRVL-BT,260,clueweb12-0212wb-31-05337,3,user_11
151,TRVL-BT,260,clueweb12-0201wb-88-24472,4,user_11
151,TRVL-BT,260,clueweb12-0012wb-89-17167,1,user_11
158,TRVL-BT,261,clueweb12-0008wb-36-29013,3,user_18
152,TRVL-BT,262,clueweb12-0002wb-65-22650,1,user_12
152,TRVL-BT,262,clueweb12-0003wb-47-03499,2,user_12
152,TRVL-BT,262,clueweb12-0203wb-35-08744,1,user_12
152,TRVL-BT,263,clueweb12-0107wb-52-15161,4,user_12
152,TRVL-BT,262,clueweb12-0202wb-30-30268,3,user_12
152,TRVL-BT,262,clueweb12-0109wb-20-16136,2,user_12
152,TRVL-BT,263,clueweb12-0109wb-70-29944,2,user_12
152,TRVL-BT,263,clueweb12-0112wb-29-20442,2,user_12
152,TRVL-BT,263,clueweb12-0206wb-49-19082,4,user_12
152,TRVL-BT,263,clueweb12-0010wb-65-01819,2,user_12
152,TRVL-BT,263,clueweb12-0103wb-51-33223,2,user_12
152,TRVL-BT,263,clueweb12-0013wb-81-07204,3,user_12
152,TRVL-BT,263,clueweb12-0211wb-51-11597,4,user_12
152,TRVL-BT,263,clueweb12-0010wb-95-02662,1,user_12
152,TRVL-BT,263,clueweb12-0002wb-55-29603,2,user_12
152,TRVL-BT,263,clueweb12-0112wb-19-19143,4,user_12
152,TRVL-BT,263,clueweb12-0201wb-54-16464,2,user_12
152,TRVL-BT,263,clueweb12-0010wb-16-11562,2,user_12
152,TRVL-BT,263,clueweb12-0111wb-52-06682,3,user_12
152,TRVL-BT,263,clueweb12-0001wb-57-09420,4,user_12
152,TRVL-BT,263,clueweb12-0209wb-61-13243,1,user_12
152,TRVL-BT,264,clueweb12-0204wb-71-13722,2,user_12
152,TRVL-BT,264,clueweb12-0012wb-25-12905,2,user_12
152,TRVL-BT,264,clueweb12-0205wb-02-11112,2,user_12
152,TRVL-BT,264,clueweb12-0200wb-75-08132,2,user_12
152,TRVL-BT,264,clueweb12-0204wb-54-05046,2,user_12
152,TRVL-BT,264,clueweb12-0200tw-78-08496,1,user_12
152,TRVL-BT,265,clueweb12-0000wb-89-16070,3,user_12
152,TRVL-BT,264,clueweb12-0204wb-18-06531,2,user_12
152,TRVL-BT,264,clueweb12-0210wb-59-04508,2,user_12
152,TRVL-BT,264,clueweb12-0204wb-28-01162,2,user_12
152,TRVL-BT,264,clueweb12-0001wb-57-09420,3,user_12
152,TRVL-BT,264,clueweb12-0200wb-13-10882,2,user_12
152,TRVL-BT,264,clueweb12-0205wb-13-14064,2,user_12
152,TRVL-BT,264,clueweb12-0009wb-51-03318,2,user_12
152,TRVL-BT,264,clueweb12-0002wb-31-34424,1,user_12
152,TRVL-BT,264,clueweb12-0012wb-53-13621,2,user_12
152,TRVL-BT,264,clueweb12-0206wb-64-12191,1,user_12
152,TRVL-BT,264,clueweb12-0201wb-82-31076,2,user_12
152,TRVL-BT,264,clueweb12-0108wb-37-15532,2,user_12
152,TRVL-BT,264,clueweb12-0012wb-13-17296,2,user_12
152,TRVL-BT,265,clueweb12-0000wb-61-16803,3,user_12
152,TRVL-BT,265,clueweb12-0000wb-75-20078,3,user_12
152,TRVL-BT,265,clueweb12-0000wb-27-01765,3,user_12
152,TRVL-BT,265,clueweb12-0000wb-75-20064,3,user_12
152,TRVL-BT,265,clueweb12-0106wb-71-28514,2,user_12
152,TRVL-BT,265,clueweb12-0204wb-15-32232,2,user_12
152,TRVL-BT,266,clueweb12-0008wb-84-09516,2,user_12
152,TRVL-BT,265,clueweb12-0211wb-51-11597,3,user_12
152,TRVL-BT,265,clueweb12-0000wb-38-21097,3,user_12
152,TRVL-BT,265,clueweb12-0203wb-01-17226,2,user_12
152,TRVL-BT,265,clueweb12-0000wb-27-01751,3,user_12
152,TRVL-BT,265,clueweb12-0104wb-53-08924,4,user_12
152,TRVL-BT,265,clueweb12-0102wb-22-24856,3,user_12
152,TRVL-BT,265,clueweb12-0112wb-13-03463,2,user_12
152,TRVL-BT,265,clueweb12-0210wb-65-16994,3,user_12
152,TRVL-BT,265,clueweb12-0000wb-13-22127,3,user_12
152,TRVL-BT,265,clueweb12-0000wb-13-22113,3,user_12
152,TRVL-BT,265,clueweb12-0000wb-61-16789,3,user_12
152,TRVL-BT,265,clueweb12-0000wb-38-21111,3,user_12
152,TRVL-BT,266,clueweb12-0206wb-49-17780,2,user_12
152,TRVL-BT,266,clueweb12-0206wb-81-12941,2,user_12
152,TRVL-BT,266,clueweb12-0206wb-57-16660,2,user_12
152,TRVL-BT,266,clueweb12-0203wb-88-24810,2,user_12
152,TRVL-BT,266,clueweb12-0100tw-54-05144,2,user_12
152,TRVL-BT,266,clueweb12-0206wb-69-09134,2,user_12
152,TRVL-BT,266,clueweb12-0110wb-23-19146,3,user_12
152,TRVL-BT,266,clueweb12-0200tw-32-13464,2,user_12
152,TRVL-BT,266,clueweb12-0206wb-71-07120,2,user_12
152,TRVL-BT,266,clueweb12-0206wb-41-17533,2,user_12
152,TRVL-BT,266,clueweb12-0210wb-33-12623,2,user_12
152,TRVL-BT,266,clueweb12-0202wb-90-30990,2,user_12
152,TRVL-BT,266,clueweb12-0206wb-57-16646,2,user_12
152,TRVL-BT,266,clueweb12-0109wb-75-11848,3,user_12
152,TRVL-BT,266,clueweb12-0211wb-70-18083,2,user_12
152,TRVL-BT,266,clueweb12-0110wb-75-10763,2,user_12
152,TRVL-BT,266,clueweb12-0203wb-43-12586,2,user_12
152,TRVL-BT,266,clueweb12-0206wb-41-17547,2,user_12
152,TRVL-BT,262,clueweb12-0103wb-06-05099,1,user_12
152,TRVL-BT,262,clueweb12-0204wb-91-03303,2,user_12
152,TRVL-BT,262,clueweb12-0203wb-65-30662,1,user_12
152,TRVL-BT,262,clueweb12-0103wb-93-26447,4,user_12
152,TRVL-BT,262,clueweb12-0005wb-95-39672,3,user_12
152,TRVL-BT,262,clueweb12-0205wb-53-12958,3,user_12
152,TRVL-BT,262,clueweb12-0110wb-26-23981,4,user_12
152,TRVL-BT,262,clueweb12-0204wb-17-06218,3,user_12
152,TRVL-BT,262,clueweb12-0100wb-22-06861,3,user_12
152,TRVL-BT,262,clueweb12-0110wb-47-20173,4,user_12
152,TRVL-BT,262,clueweb12-0202wb-81-16977,4,user_12
152,TRVL-BT,262,clueweb12-0112wb-56-20658,1,user_12
152,TRVL-BT,262,clueweb12-0110wb-46-10007,4,user_12
152,TRVL-BT,262,clueweb12-0204wb-48-20260,1,user_12
152,TRVL-BT,262,clueweb12-0104wb-62-26694,1,user_12
152,TRVL-BT,263,clueweb12-0203wb-72-27895,3,user_12
152,TRVL-BT,263,clueweb12-0105wb-21-35777,4,user_12
152,TRVL-BT,263,clueweb12-0210wb-65-16994,3,user_12
59,TRVL-BT,268,clueweb12-0108wb-12-20146,2,user_07
59,TRVL-BT,268,clueweb12-0107wb-07-26393,2,user_07
59,TRVL-BT,268,clueweb12-0205wb-71-23592,2,user_07
59,TRVL-BT,269,clueweb12-0204wb-71-05994,2,user_07
59,TRVL-BT,268,clueweb12-0204wb-73-21317,2,user_07
59,TRVL-BT,268,clueweb12-0011wb-70-19931,1,user_07
59,TRVL-BT,268,clueweb12-0001wb-15-17365,2,user_07
59,TRVL-BT,268,clueweb12-0101wb-11-31039,2,user_07
158,BKS-Y,267,clueweb12-0003wb-31-29920,2,user_18
158,BKS-Y,267,clueweb12-0102wb-55-08679,1,user_18
158,BKS-Y,267,clueweb12-0201wb-58-23094,2,user_18
158,BKS-Y,267,clueweb12-0007wb-72-31480,1,user_18
158,BKS-Y,267,clueweb12-0105wb-51-11345,2,user_18
158,BKS-Y,267,clueweb12-0009wb-00-11635,3,user_18
158,BKS-Y,267,clueweb12-0112wb-26-17963,3,user_18
158,BKS-Y,267,clueweb12-0010wb-36-15687,3,user_18
158,BKS-Y,267,clueweb12-0112wb-09-08787,2,user_18
158,BKS-Y,267,clueweb12-0202wb-90-03372,2,user_18
158,BKS-Y,267,clueweb12-0205wb-10-20655,2,user_18
158,BKS-Y,267,clueweb12-0008wb-52-17261,3,user_18
158,BKS-Y,267,clueweb12-0100wb-05-28003,1,user_18
158,BKS-Y,267,clueweb12-0013wb-07-22696,3,user_18
158,BKS-Y,267,clueweb12-0013wb-06-03032,1,user_18
158,BKS-Y,267,clueweb12-0200tw-42-10623,1,user_18
59,TRVL-BT,268,clueweb12-0104wb-86-07176,2,user_07
158,BKS-Y,267,clueweb12-0103wb-24-08311,3,user_18
158,BKS-Y,267,clueweb12-0008wb-54-16024,1,user_18
158,BKS-Y,267,clueweb12-0003wb-90-32033,2,user_18
59,TRVL-BT,268,clueweb12-0000wb-50-17241,3,user_07
59,TRVL-BT,268,clueweb12-0009wb-76-25342,3,user_07
59,TRVL-BT,268,clueweb12-0208wb-92-03039,3,user_07
59,TRVL-BT,268,clueweb12-0201wb-38-25200,2,user_07
59,TRVL-BT,268,clueweb12-0112wb-62-01667,2,user_07
59,TRVL-BT,268,clueweb12-0106wb-42-00279,2,user_07
59,TRVL-BT,268,clueweb12-0012wb-35-14973,2,user_07
59,TRVL-BT,268,clueweb12-0101wb-83-24492,1,user_07
59,TRVL-BT,268,clueweb12-0101wb-08-20864,2,user_07
59,TRVL-BT,268,clueweb12-0200wb-14-27376,3,user_07
59,TRVL-BT,269,clueweb12-0005wb-61-00965,2,user_07
59,TRVL-BT,269,clueweb12-0008wb-16-13314,2,user_07
59,TRVL-BT,269,clueweb12-0202wb-07-30636,2,user_07
59,TRVL-BT,269,clueweb12-0207wb-76-24352,2,user_07
59,TRVL-BT,269,clueweb12-0012wb-35-01329,2,user_07
59,TRVL-BT,270,clueweb12-0102wb-02-00153,3,user_07
59,TRVL-BT,269,clueweb12-0205wb-39-01749,2,user_07
59,TRVL-BT,269,clueweb12-0012wb-22-09365,2,user_07
59,TRVL-BT,269,clueweb12-0010wb-80-25350,2,user_07
59,TRVL-BT,269,clueweb12-0203wb-15-17090,2,user_07
59,TRVL-BT,269,clueweb12-0106wb-75-01890,2,user_07
59,TRVL-BT,269,clueweb12-0204wb-81-33023,2,user_07
59,TRVL-BT,269,clueweb12-0111wb-61-03865,2,user_07
59,TRVL-BT,269,clueweb12-0012wb-40-13987,2,user_07
59,TRVL-BT,269,clueweb12-0201wb-10-04430,2,user_07
59,TRVL-BT,269,clueweb12-0210wb-61-18834,1,user_07
59,TRVL-BT,269,clueweb12-0012wb-07-01134,2,user_07
59,TRVL-BT,269,clueweb12-0013wb-66-21014,2,user_07
59,TRVL-BT,269,clueweb12-0204wb-66-21381,2,user_07
59,TRVL-BT,270,clueweb12-0001wb-02-17189,3,user_07
59,TRVL-BT,270,clueweb12-0008wb-88-06356,3,user_07
59,TRVL-BT,270,clueweb12-0109wb-67-03266,3,user_07
59,TRVL-BT,271,clueweb12-0202wb-48-23926,2,user_07
59,TRVL-BT,270,clueweb12-0200wb-67-30828,3,user_07
59,TRVL-BT,270,clueweb12-0008wb-54-12268,3,user_07
59,TRVL-BT,270,clueweb12-0203wb-84-02086,3,user_07
59,TRVL-BT,270,clueweb12-0209wb-33-14100,3,user_07
59,TRVL-BT,270,clueweb12-0103wb-17-27859,3,user_07
59,TRVL-BT,270,clueweb12-0100wb-37-00391,3,user_07
59,TRVL-BT,270,clueweb12-0107wb-05-21851,3,user_07
59,TRVL-BT,270,clueweb12-0105wb-09-23491,3,user_07
59,TRVL-BT,270,clueweb12-0008wb-33-25753,3,user_07
59,TRVL-BT,270,clueweb12-0103wb-09-20695,3,user_07
59,TRVL-BT,270,clueweb12-0100wb-70-04171,3,user_07
59,TRVL-BT,270,clueweb12-0105wb-90-03957,2,user_07
59,TRVL-BT,270,clueweb12-0007wb-44-17970,3,user_07
59,TRVL-BT,270,clueweb12-0101wb-02-05782,3,user_07
59,TRVL-BT,270,clueweb12-0007wb-75-06272,3,user_07
59,TRVL-BT,271,clueweb12-0103wb-12-23337,2,user_07
59,TRVL-BT,271,clueweb12-0200wb-60-18381,2,user_07
59,TRVL-BT,271,clueweb12-0205wb-50-22217,2,user_07
59,TRVL-BT,271,clueweb12-0200wb-16-25023,3,user_07
59,TRVL-BT,271,clueweb12-0202wb-57-02841,3,user_07
59,TRVL-BT,271,clueweb12-0009wb-06-07703,2,user_07
59,TRVL-BT,271,clueweb12-0008wb-85-19955,2,user_07
59,TRVL-BT,271,clueweb12-0205wb-72-33566,2,user_07
59,TRVL-BT,271,clueweb12-0202wb-83-13594,2,user_07
59,TRVL-BT,271,clueweb12-0004wb-69-02828,2,user_07
59,TRVL-BT,271,clueweb12-0202wb-65-09933,2,user_07
59,TRVL-BT,272,clueweb12-0008wb-31-12124,3,user_07
59,TRVL-BT,272,clueweb12-0201wb-18-11719,4,user_07
59,TRVL-BT,272,clueweb12-0111wb-69-19027,3,user_07
59,TRVL-BT,272,clueweb12-0204wb-33-27858,4,user_07
59,TRVL-BT,272,clueweb12-0201wb-26-29805,4,user_07
59,TRVL-BT,272,clueweb12-0105wb-77-15307,3,user_07
59,TRVL-BT,272,clueweb12-0105wb-85-12466,4,user_07
59,TRVL-BT,272,clueweb12-0204wb-02-23523,4,user_07
59,TRVL-BT,272,clueweb12-0107wb-31-26186,3,user_07
59,TRVL-BT,272,clueweb12-0110wb-29-17696,1,user_07
59,TRVL-BT,272,clueweb12-0105wb-96-04534,3,user_07
59,TRVL-BT,272,clueweb12-0100wb-01-26182,3,user_07
59,TRVL-BT,268,clueweb12-0009wb-65-28211,2,user_07
59,TRVL-BT,271,clueweb12-0200tw-04-07987,2,user_07
59,TRVL-BT,271,clueweb12-0110wb-75-30655,2,user_07
59,TRVL-BT,271,clueweb12-0111wb-56-01572,2,user_07
59,TRVL-BT,271,clueweb12-0207wb-61-25674,2,user_07
59,TRVL-BT,271,clueweb12-0108wb-84-00657,2,user_07
60,BKS-Y,167,clueweb12-0106wb-80-13256,1,user_08
59,TRVL-BT,271,clueweb12-0211wb-03-11547,2,user_07
59,TRVL-BT,271,clueweb12-0008wb-79-28453,2,user_07
59,TRVL-BT,272,clueweb12-0202wb-25-08995,3,user_07
59,TRVL-BT,272,clueweb12-0007wb-58-21334,2,user_07
59,TRVL-BT,272,clueweb12-0006wb-64-19414,2,user_07
59,TRVL-BT,272,clueweb12-0007wb-21-21347,2,user_07
59,TRVL-BT,272,clueweb12-0200wb-19-05891,1,user_07
59,TRVL-BT,272,clueweb12-0209wb-33-31066,2,user_07
59,TRVL-BT,272,clueweb12-0007wb-51-09940,2,user_07
60,BKS-Y,167,clueweb12-0206wb-31-06028,2,user_08
60,BKS-Y,167,clueweb12-0107wb-28-02867,2,user_08
60,BKS-Y,167,clueweb12-0102wb-64-32842,1,user_08
60,BKS-Y,167,clueweb12-0102wb-86-27473,2,user_08
60,BKS-Y,167,clueweb12-0010wb-53-03715,2,user_08
60,BKS-Y,167,clueweb12-0010wb-71-29538,2,user_08
60,BKS-Y,167,clueweb12-0005wb-51-12309,2,user_08
60,BKS-Y,167,clueweb12-0110wb-75-02128,1,user_08
60,BKS-Y,167,clueweb12-0100tw-21-11518,1,user_08
60,BKS-Y,167,clueweb12-0003wb-88-05937,1,user_08
60,BKS-Y,167,clueweb12-0101wb-70-27905,1,user_08
60,BKS-Y,273,clueweb12-0009wb-45-35011,1,user_08
60,BKS-Y,167,clueweb12-0102wb-83-10361,2,user_08
60,BKS-Y,167,clueweb12-0101wb-67-02030,1,user_08
60,BKS-Y,167,clueweb12-0206wb-50-26108,2,user_08
60,BKS-Y,167,clueweb12-0104wb-04-23640,1,user_08
60,BKS-Y,167,clueweb12-0200wb-32-19731,2,user_08
60,BKS-Y,167,clueweb12-0110wb-63-20977,1,user_08
60,BKS-Y,273,clueweb12-0005wb-51-12309,2,user_08
60,BKS-Y,273,clueweb12-0004wb-24-18042,2,user_08
60,BKS-Y,273,clueweb12-0102wb-64-32842,1,user_08
60,BKS-Y,273,clueweb12-0003wb-12-32616,1,user_08
60,BKS-Y,273,clueweb12-0107wb-22-04920,1,user_08
60,BKS-Y,273,clueweb12-0100wb-82-31331,2,user_08
60,BKS-Y,273,clueweb12-0106wb-80-13256,1,user_08
60,BKS-Y,273,clueweb12-0002wb-02-06795,1,user_08
60,BKS-Y,274,clueweb12-0013wb-00-30614,2,user_08
60,BKS-Y,273,clueweb12-0206wb-31-06028,3,user_08
60,BKS-Y,273,clueweb12-0107wb-28-02867,3,user_08
60,BKS-Y,273,clueweb12-0206wb-26-19254,1,user_08
60,BKS-Y,273,clueweb12-0001wb-56-22916,1,user_08
60,BKS-Y,273,clueweb12-0206wb-50-26108,3,user_08
60,BKS-Y,273,clueweb12-0209wb-05-23972,1,user_08
60,BKS-Y,273,clueweb12-0102wb-83-10361,2,user_08
60,BKS-Y,273,clueweb12-0102wb-86-27473,3,user_08
60,BKS-Y,273,clueweb12-0200wb-32-19731,3,user_08
60,BKS-Y,273,clueweb12-0010wb-53-03715,2,user_08
60,BKS-Y,274,clueweb12-0003wb-64-20279,3,user_08
60,BKS-Y,274,clueweb12-0206wb-31-06028,2,user_08
60,BKS-Y,274,clueweb12-0010wb-53-03715,2,user_08
60,BKS-Y,274,clueweb12-0200wb-32-19731,2,user_08
60,BKS-Y,274,clueweb12-0006wb-86-32442,1,user_08
60,BKS-Y,274,clueweb12-0206wb-50-26108,2,user_08
60,BKS-Y,274,clueweb12-0103wb-71-22690,1,user_08
60,BKS-Y,274,clueweb12-0103wb-11-10939,1,user_08
60,BKS-Y,274,clueweb12-0103wb-40-08589,1,user_08
60,BKS-Y,274,clueweb12-0102wb-77-01191,2,user_08
60,BKS-Y,274,clueweb12-0005wb-51-12309,2,user_08
60,BKS-Y,274,clueweb12-0107wb-28-02867,2,user_08
60,BKS-Y,274,clueweb12-0001wb-73-04172,2,user_08
60,BKS-Y,275,clueweb12-0206wb-31-06028,3,user_08
60,BKS-Y,274,clueweb12-0104wb-34-20714,1,user_08
60,BKS-Y,274,clueweb12-0102wb-04-11287,2,user_08
60,BKS-Y,274,clueweb12-0102wb-86-27473,2,user_08
60,BKS-Y,274,clueweb12-0200wb-52-06367,3,user_08
60,BKS-Y,274,clueweb12-0102wb-13-00321,1,user_08
60,BKS-Y,275,clueweb12-0008wb-96-09652,1,user_08
60,BKS-Y,275,clueweb12-0101wb-70-27891,1,user_08
60,BKS-Y,275,clueweb12-0200wb-32-19731,2,user_08
60,BKS-Y,275,clueweb12-0112wb-40-24810,2,user_08
60,BKS-Y,275,clueweb12-0101wb-41-25006,1,user_08
60,BKS-Y,275,clueweb12-0206wb-50-26108,2,user_08
60,BKS-Y,275,clueweb12-0007wb-14-00545,2,user_08
60,BKS-Y,276,clueweb12-0201wb-66-16951,1,user_08
60,BKS-Y,275,clueweb12-0107wb-28-02867,2,user_08
60,BKS-Y,275,clueweb12-0005wb-51-12309,2,user_08
60,BKS-Y,275,clueweb12-0204wb-24-24334,1,user_08
60,BKS-Y,275,clueweb12-0210wb-33-31865,1,user_08
60,BKS-Y,275,clueweb12-0000tw-24-09052,1,user_08
60,BKS-Y,275,clueweb12-0100wb-99-06606,1,user_08
60,BKS-Y,275,clueweb12-0003wb-49-20387,2,user_08
60,BKS-Y,275,clueweb12-0106wb-75-29892,1,user_08
60,BKS-Y,275,clueweb12-0010wb-53-03715,2,user_08
60,BKS-Y,276,clueweb12-0109wb-74-04445,1,user_08
60,BKS-Y,276,clueweb12-0104wb-38-20876,1,user_08
60,BKS-Y,276,clueweb12-0107wb-56-18029,1,user_08
60,BKS-Y,276,clueweb12-0201wb-75-11679,1,user_08
60,BKS-Y,276,clueweb12-0208wb-18-13540,1,user_08
60,BKS-Y,276,clueweb12-0104wb-22-00587,1,user_08
60,BKS-Y,276,clueweb12-0106wb-34-18773,1,user_08
60,BKS-Y,276,clueweb12-0102wb-67-32769,2,user_08
60,BKS-Y,276,clueweb12-0007wb-75-00265,2,user_08
60,BKS-Y,276,clueweb12-0007wb-92-17081,1,user_08
60,BKS-Y,275,clueweb12-0201wb-10-11295,1,user_08
60,BKS-Y,167,clueweb12-0111wb-50-22151,1,user_08
60,BKS-Y,275,clueweb12-0103wb-11-10939,1,user_08
60,BKS-Y,276,clueweb12-0202wb-79-24769,1,user_08
60,BKS-Y,276,clueweb12-0105wb-15-03725,1,user_08
60,BKS-Y,276,clueweb12-0107wb-61-28354,2,user_08
60,BKS-Y,276,clueweb12-0103wb-85-12127,1,user_08
60,BKS-Y,276,clueweb12-0001wb-86-09740,1,user_08
60,BKS-Y,276,clueweb12-0101wb-91-33609,1,user_08
60,BKS-Y,276,clueweb12-0104wb-69-11689,1,user_08
60,BKS-Y,276,clueweb12-0104wb-89-24246,1,user_08
152,SPRT-YP,252,clueweb12-0008wb-60-18497,3,user_12
152,SPRT-YP,252,clueweb12-0209wb-40-03621,2,user_12
152,SPRT-YP,252,clueweb12-0107wb-05-22187,2,user_12
152,SPRT-YP,252,clueweb12-0013wb-79-01135,2,user_12
152,SPRT-YP,252,clueweb12-0106wb-85-25910,2,user_12
152,SPRT-YP,252,clueweb12-0002wb-40-21137,2,user_12
152,SPRT-YP,252,clueweb12-0211wb-47-10564,4,user_12
152,SPRT-YP,252,clueweb12-0202wb-09-05562,4,user_12
152,SPRT-YP,252,clueweb12-0109wb-66-14939,3,user_12
152,SPRT-YP,252,clueweb12-0200wb-08-00349,2,user_12
152,SPRT-YP,252,clueweb12-0111wb-84-10088,2,user_12
152,SPRT-YP,252,clueweb12-0105wb-57-13652,3,user_12
152,SPRT-YP,252,clueweb12-0011wb-43-15183,4,user_12
152,SPRT-YP,252,clueweb12-0201wb-94-01526,3,user_12
152,SPRT-YP,252,clueweb12-0007wb-12-09184,3,user_12
152,SPRT-YP,252,clueweb12-0001wb-56-08205,2,user_12
152,SPRT-YP,252,clueweb12-0106wb-23-23421,3,user_12
152,SPRT-YP,252,clueweb12-0201wb-06-17602,3,user_12
152,SPRT-YP,252,clueweb12-0203wb-14-14679,2,user_12
